,season,team,player,nation,pos,age,mp,starts,minutes,ninetys,gls,ast,npg,xg,npxg,xa,np_xgoal_contrib,sh,sot,dist,fk,pkscored,pkatt,tkl,tklw,tklvsdrb,attvsdrb,press,succ,blocks,inter,err,pass_cmp,pass_att,pass_totdist,pass_prgdist,sca,sca_passlive,sca_passdead,sca_drib,sca_sh,sca_fld,sca_def,gca,gca_passlive,gca_passdead,gca_drib,gca_sh,gca_fld,gca_def,touches,touches_defthird,touches_attthird,touches_attpen,carries,carries_totdist,carries_prgdist,progcarries,progpassrec,crdy,crdr,twocrdy,fls,fld,off,recov,arlwon,arllost,player_team
0,2022_2023,Arsenal,Gabriel Dos Santos,br BRA,DF,24,5,5,450.0,5.0,1.0,0.0,1.0,1.3,1.3,0.0,1.3,7,2,11.1,0,0,0,8,6,3,5,25,13,9,5,1,290,311,6251,1924,3,2,0,0,1,0,0,0,0,0,0,0,0,0,370,175,29,8,240,1482,940,26,3,0,0,0,1,6,0,51,18,7,Gabriel_Dos_Santos_['A_r_s_e_n_a_l']
1,2022_2023,Arsenal,William Saliba,fr FRA,DF,21,5,5,450.0,5.0,1.0,1.0,1.0,0.1,0.1,0.9,0.9,1,1,18.0,0,0,0,5,4,1,2,24,12,7,14,0,301,325,6409,1922,5,5,0,0,0,0,0,2,2,0,0,0,0,0,363,194,7,2,250,1395,713,13,0,1,0,0,5,2,0,61,7,7,William_Saliba_['A_r_s_e_n_a_l']
2,2022_2023,Arsenal,Granit Xhaka,ch SUI,MF,29,5,5,447.0,5.0,1.0,2.0,1.0,0.7,0.7,0.4,1.1,4,1,17.0,0,0,0,2,2,1,6,29,10,7,3,0,230,276,4180,1063,19,17,1,0,1,0,0,2,2,0,0,0,0,0,317,51,110,18,201,686,311,14,27,1,0,0,3,8,1,42,6,3,Granit_Xhaka_['A_r_s_e_n_a_l']
3,2022_2023,Arsenal,Bukayo Saka,eng ENG,FW,20,5,5,437.0,4.9,0.0,2.0,0.0,1.0,1.0,0.8,1.8,10,2,14.4,0,0,0,6,6,0,3,57,18,6,5,0,156,196,2352,655,17,10,3,1,2,1,0,5,4,1,0,0,0,0,256,29,157,35,183,1083,650,40,35,0,0,0,6,11,2,31,6,5,Bukayo_Saka_['A_r_s_e_n_a_l']
4,2022_2023,Arsenal,Martinelli,br BRA,FW,21,5,5,433.0,4.8,3.0,0.0,3.0,1.7,1.7,1.7,3.4,19,7,17.3,1,0,0,8,5,1,3,67,20,7,3,0,125,163,2242,722,21,14,4,1,1,0,1,3,1,1,0,1,0,0,232,10,155,34,175,1070,529,34,43,0,0,0,7,12,1,19,6,2,Martinelli_['A_r_s_e_n_a_l']
5,2022_2023,Arsenal,Gabriel Jesus,br BRA,FW,25,5,5,430.0,4.8,3.0,3.0,3.0,3.3,3.3,1.1,4.4,18,7,9.3,0,0,0,3,3,1,5,73,19,6,8,0,105,138,1557,400,20,11,0,3,2,3,1,2,2,0,0,0,0,0,228,13,138,53,154,561,293,13,47,2,0,0,10,12,4,24,10,24,Gabriel_Jesus_['A_r_s_e_n_a_l']
6,2022_2023,Arsenal,Martin Ødegaard,no NOR,MF,23,5,5,421.0,4.7,3.0,0.0,3.0,1.5,1.5,0.4,1.8,12,5,17.9,2,0,0,8,7,0,6,75,33,4,5,0,219,266,3572,1129,20,13,3,2,2,0,0,1,1,0,0,0,0,0,316,38,143,17,215,888,473,26,28,1,0,0,5,2,0,49,6,6,Martin_Ødegaard_['A_r_s_e_n_a_l']
7,2022_2023,Arsenal,Ben White,eng ENG,DF,24,5,5,392.0,4.4,0.0,0.0,0.0,0.0,0.0,0.5,0.5,0,0,,0,0,0,11,8,9,11,46,20,14,12,0,241,288,4522,1585,5,5,0,0,0,0,0,1,1,0,0,0,0,0,336,88,76,4,210,904,505,19,2,2,0,0,4,7,0,32,8,4,Ben_White_['A_r_s_e_n_a_l']
8,2022_2023,Arsenal,Thomas Partey,gh GHA,MF,29,3,3,270.0,3.0,0.0,0.0,0.0,0.3,0.3,0.0,0.3,4,0,16.5,0,0,0,12,8,1,5,51,22,6,3,0,137,166,2510,637,6,4,0,1,1,0,0,0,0,0,0,0,0,0,202,53,32,4,118,427,216,8,2,0,0,0,7,2,0,34,7,6,Thomas_Partey_['A_r_s_e_n_a_l']
9,2022_2023,Arsenal,Oleksandr Zinchenko,ua UKR,DF,25,3,3,248.0,2.8,0.0,1.0,0.0,0.1,0.1,0.3,0.4,3,1,20.1,0,0,0,5,2,2,6,26,6,2,8,0,164,186,2791,796,5,5,0,0,0,0,0,1,1,0,0,0,0,0,206,42,65,5,139,850,477,19,5,0,0,0,0,1,0,30,3,3,Oleksandr_Zinchenko_['A_r_s_e_n_a_l']
10,2022_2023,Arsenal,Kieran Tierney,sct SCO,DF,25,5,2,175.0,1.9,0.0,0.0,0.0,0.1,0.1,0.0,0.1,3,1,22.4,0,0,0,1,1,0,2,16,6,5,7,0,76,109,1578,544,3,3,0,0,0,0,0,0,0,0,0,0,0,0,133,33,38,2,79,371,221,8,1,0,0,0,0,0,0,19,4,7,Kieran_Tierney_['A_r_s_e_n_a_l']
11,2022_2023,Arsenal,Albert Sambi Lokonga,be BEL,MF,22,3,1,94.0,1.0,0.0,0.0,0.0,0.0,0.0,0.0,0.0,0,0,,0,0,0,1,0,0,0,6,1,0,0,0,53,59,1069,227,2,1,0,0,0,1,0,0,0,0,0,0,0,0,66,11,11,0,50,229,105,6,0,0,0,0,0,4,0,13,3,1,Albert_Sambi_Lokonga_['A_r_s_e_n_a_l']
12,2022_2023,Arsenal,Mohamed Elneny,eg EGY,MF,30,1,1,90.0,1.0,0.0,0.0,0.0,0.0,0.0,0.0,0.0,0,0,,0,0,0,1,1,1,1,5,3,0,0,0,50,51,972,133,0,0,0,0,0,0,0,0,0,0,0,0,0,0,53,9,12,0,40,171,40,2,0,0,0,0,1,0,0,7,0,0,Mohamed_Elneny_['A_r_s_e_n_a_l']
13,2022_2023,Manchester City,Kyle Walker,eng ENG,DF,32,6,6,520.0,5.8,0.0,0.0,0.0,0.1,0.1,0.1,0.3,1,0,10.0,0,0,0,4,4,2,7,34,15,4,4,0,527,583,10315,2864,7,7,0,0,0,0,0,0,0,0,0,0,0,0,604,110,86,2,460,1847,800,31,7,0,0,0,1,4,0,55,9,3,"Kyle_Walker_['M_a_n_c_h_e_s_t_e_r_', '_C_i_t_y']"
14,2022_2023,Manchester City,Rodri,es ESP,MF,26,6,6,502.0,5.6,0.0,2.0,0.0,0.4,0.4,0.3,0.7,10,1,18.8,0,0,0,7,6,2,5,62,22,10,6,0,527,573,10958,2062,14,12,0,0,2,0,0,5,5,0,0,0,0,0,622,113,137,14,470,2089,1142,42,9,0,0,0,10,3,1,77,24,13,"Rodri_['M_a_n_c_h_e_s_t_e_r_', '_C_i_t_y']"
15,2022_2023,Manchester City,João Cancelo,pt POR,DF,28,6,6,487.0,5.4,1.0,0.0,1.0,0.2,0.2,0.3,0.5,6,1,22.1,0,0,0,11,8,3,5,35,13,5,9,0,468,537,8406,2336,14,10,0,1,1,1,1,0,0,0,0,0,0,0,584,93,184,18,435,2049,1136,53,21,2,0,0,5,6,2,62,18,9,"João_Cancelo_['M_a_n_c_h_e_s_t_e_r_', '_C_i_t_y']"
16,2022_2023,Manchester City,Erling Haaland,no NOR,FW,22,6,6,481.0,5.3,10.0,1.0,9.0,7.3,6.5,0.5,7.1,25,14,9.8,0,1,1,1,1,0,0,46,16,3,0,0,66,80,942,140,9,5,0,1,0,3,0,2,1,0,0,0,1,0,128,4,72,43,70,224,102,8,40,0,0,0,6,6,2,11,4,9,"Erling_Haaland_['M_a_n_c_h_e_s_t_e_r_', '_C_i_t_y']"
17,2022_2023,Manchester City,Phil Foden,eng ENG,"FW,MF",22,6,6,456.0,5.1,1.0,3.0,1.0,1.0,1.0,1.1,2.1,7,4,11.8,0,0,0,4,4,1,3,72,27,6,4,0,252,295,4209,904,22,17,3,0,1,1,0,5,5,0,0,0,0,0,351,20,209,28,289,1076,513,35,46,1,0,0,2,7,0,26,3,9,"Phil_Foden_['M_a_n_c_h_e_s_t_e_r_', '_C_i_t_y']"
18,2022_2023,Manchester City,Rúben Dias,pt POR,DF,25,6,5,493.0,5.5,0.0,0.0,0.0,0.3,0.3,0.1,0.4,4,1,9.0,0,0,0,7,4,0,1,37,17,5,4,0,499,531,10018,3138,4,3,0,0,1,0,0,0,0,0,0,0,0,0,573,165,36,10,434,2313,1287,50,0,0,0,0,6,2,0,52,21,10,"Rúben_Dias_['M_a_n_c_h_e_s_t_e_r_', '_C_i_t_y']"
19,2022_2023,Manchester City,Kevin De Bruyne,be BEL,MF,31,6,5,467.0,5.2,1.0,4.0,1.0,1.3,1.3,2.4,3.7,17,5,20.4,2,0,0,5,4,2,2,43,17,5,0,0,244,333,5103,1405,31,20,7,1,2,0,1,7,7,0,0,0,0,0,378,29,227,18,283,1359,868,41,38,0,0,0,5,6,0,22,3,5,"Kevin_De_Bruyne_['M_a_n_c_h_e_s_t_e_r_', '_C_i_t_y']"
20,2022_2023,Manchester City,İlkay Gündoğan,de GER,MF,31,6,5,441.0,4.9,2.0,1.0,2.0,1.2,1.2,1.7,2.9,10,3,16.5,1,0,0,4,3,2,4,36,10,7,5,0,296,330,5460,1051,26,22,4,0,0,0,0,6,5,1,0,0,0,0,377,38,141,27,262,1243,594,25,36,0,0,0,6,3,3,26,5,7,"İlkay_Gündoğan_['M_a_n_c_h_e_s_t_e_r_', '_C_i_t_y']"
21,2022_2023,Manchester City,Bernardo Silva,pt POR,"MF,FW",28,6,4,381.0,4.2,2.0,2.0,2.0,0.8,0.8,0.8,1.6,6,3,15.0,0,0,0,9,3,5,7,41,13,2,5,0,205,231,3737,484,16,12,0,3,0,1,0,3,3,0,0,0,0,0,283,20,174,30,214,1568,1047,63,29,0,0,0,4,6,0,22,0,1,"Bernardo_Silva_['M_a_n_c_h_e_s_t_e_r_', '_C_i_t_y']"
22,2022_2023,Manchester City,John Stones,eng ENG,DF,28,5,4,371.0,4.1,0.0,2.0,0.0,0.1,0.1,0.7,0.8,1,0,9.0,0,0,0,4,3,1,1,22,9,2,4,0,334,346,6776,1490,2,1,0,0,1,0,0,2,1,0,0,1,0,0,364,155,14,3,287,1912,1008,30,1,1,0,0,2,4,1,31,5,0,"John_Stones_['M_a_n_c_h_e_s_t_e_r_', '_C_i_t_y']"
23,2022_2023,Manchester City,Nathan Aké,nl NED,DF,27,4,3,211.0,2.3,0.0,0.0,0.0,0.2,0.2,0.0,0.2,3,0,10.6,0,0,0,2,2,1,1,12,5,4,2,0,217,228,3965,1442,2,1,0,0,1,0,0,0,0,0,0,0,0,0,246,106,10,4,192,990,463,10,0,0,0,0,0,0,0,21,5,2,"Nathan_Aké_['M_a_n_c_h_e_s_t_e_r_', '_C_i_t_y']"
24,2022_2023,Manchester City,Riyad Mahrez,dz ALG,FW,31,5,2,207.0,2.3,0.0,0.0,0.0,0.5,0.5,0.3,0.9,5,1,20.0,0,0,0,2,1,1,2,22,5,1,1,0,151,171,2955,552,11,7,2,1,1,0,0,2,1,0,0,1,0,0,186,7,125,10,162,740,358,24,20,0,0,0,0,2,1,13,0,2,"Riyad_Mahrez_['M_a_n_c_h_e_s_t_e_r_', '_C_i_t_y']"
25,2022_2023,Manchester City,Julián Álvarez,ar ARG,FW,22,4,1,150.0,1.7,2.0,0.0,2.0,0.7,0.7,0.4,1.1,6,3,14.2,0,0,0,1,1,0,2,33,7,1,0,0,53,58,839,89,8,4,0,2,2,0,0,0,0,0,0,0,0,0,73,2,48,10,60,268,84,7,19,0,0,0,3,3,0,8,2,4,"Julián_Álvarez_['M_a_n_c_h_e_s_t_e_r_', '_C_i_t_y']"
26,2022_2023,Manchester City,Jack Grealish,eng ENG,FW,26,2,1,135.0,1.5,0.0,0.0,0.0,0.1,0.1,0.5,0.5,1,0,18.4,0,0,0,0,0,0,0,7,1,1,0,0,85,96,1287,272,5,5,0,0,0,0,0,0,0,0,0,0,0,0,106,7,64,9,97,662,333,20,10,0,0,0,1,6,1,8,0,4,"Jack_Grealish_['M_a_n_c_h_e_s_t_e_r_', '_C_i_t_y']"
27,2022_2023,Tottenham Hotspur,Eric Dier,eng ENG,DF,28,6,6,540.0,6.0,1.0,0.0,1.0,0.3,0.3,0.1,0.4,4,1,14.7,1,0,0,5,3,2,5,36,10,6,9,0,364,400,7898,2603,4,3,0,0,1,0,0,0,0,0,0,0,0,0,453,274,8,4,293,1605,893,15,0,0,0,0,3,1,0,51,21,7,"Eric_Dier_['T_o_t_t_e_n_h_a_m_', '_H_o_t_s_p_u_r']"
28,2022_2023,Tottenham Hotspur,Pierre Højbjerg,dk DEN,MF,27,6,6,540.0,6.0,2.0,0.0,2.0,0.3,0.3,0.8,1.1,5,4,19.9,0,0,0,9,6,5,12,78,19,13,9,0,354,396,7383,1940,17,15,1,1,0,0,0,3,3,0,0,0,0,0,453,141,71,4,335,1423,689,25,9,1,0,0,11,7,0,47,3,2,"Pierre_Højbjerg_['T_o_t_t_e_n_h_a_m_', '_H_o_t_s_p_u_r']"
29,2022_2023,Tottenham Hotspur,Emerson,br BRA,DF,23,6,6,527.0,5.9,0.0,1.0,0.0,0.3,0.3,0.2,0.5,6,1,14.2,0,0,0,14,8,7,11,92,25,17,8,0,227,284,4127,1287,8,8,0,0,0,0,0,2,2,0,0,0,0,0,371,146,114,18,227,1139,688,26,15,0,0,0,7,9,0,40,11,7,"Emerson_['T_o_t_t_e_n_h_a_m_', '_H_o_t_s_p_u_r']"
30,2022_2023,Tottenham Hotspur,Harry Kane,eng ENG,FW,29,6,6,527.0,5.9,5.0,0.0,5.0,4.4,3.6,1.2,4.7,22,10,18.4,0,0,1,5,5,0,4,54,17,5,0,0,116,152,2465,864,23,17,0,2,1,2,1,0,0,0,0,0,0,0,231,19,93,28,152,786,419,27,37,2,0,0,7,9,2,23,13,28,"Harry_Kane_['T_o_t_t_e_n_h_a_m_', '_H_o_t_s_p_u_r']"
31,2022_2023,Tottenham Hotspur,Son Heung-min,kr KOR,"MF,FW",30,6,6,489.0,5.4,0.0,1.0,0.0,1.9,1.9,1.1,3.0,17,8,13.9,0,0,0,5,4,3,5,61,10,6,4,0,117,160,1764,549,20,15,5,0,0,0,0,3,2,1,0,0,0,0,233,22,126,29,143,908,560,18,43,0,0,0,5,8,2,27,3,5,"Son_Heung-min_['T_o_t_t_e_n_h_a_m_', '_H_o_t_s_p_u_r']"
32,2022_2023,Tottenham Hotspur,Ben Davies,wls WAL,DF,29,5,5,445.0,4.9,0.0,1.0,0.0,0.1,0.1,0.1,0.3,3,2,17.8,0,0,0,8,5,4,8,42,12,7,8,0,215,248,4233,1611,6,5,0,0,1,0,0,2,1,0,0,1,0,0,307,135,34,3,196,921,594,20,5,1,0,0,5,0,0,33,14,11,"Ben_Davies_['T_o_t_t_e_n_h_a_m_', '_H_o_t_s_p_u_r']"
33,2022_2023,Tottenham Hotspur,Rodrigo Bentancur,uy URU,MF,25,5,5,432.0,4.8,0.0,0.0,0.0,0.0,0.0,0.1,0.2,1,0,23.0,0,0,0,13,7,5,12,103,23,8,12,0,233,263,4166,1118,9,9,0,0,0,0,0,0,0,0,0,0,0,0,313,110,40,1,206,660,248,9,6,2,0,0,9,2,0,37,6,2,"Rodrigo_Bentancur_['T_o_t_t_e_n_h_a_m_', '_H_o_t_s_p_u_r']"
34,2022_2023,Tottenham Hotspur,Dejan Kulusevski,se SWE,"MF,FW",22,6,5,430.0,4.8,1.0,2.0,1.0,0.6,0.6,1.0,1.6,8,1,16.8,0,0,0,3,0,0,4,95,21,3,4,0,123,146,1885,511,18,16,0,1,0,0,1,2,2,0,0,0,0,0,209,36,110,27,168,1462,986,41,31,0,0,0,9,5,1,35,1,8,"Dejan_Kulusevski_['T_o_t_t_e_n_h_a_m_', '_H_o_t_s_p_u_r']"
35,2022_2023,Tottenham Hotspur,Ivan Perišić,hr CRO,DF,33,6,3,282.0,3.1,0.0,2.0,0.0,0.1,0.1,1.4,1.5,1,0,15.0,0,0,0,8,4,5,10,42,12,4,4,0,99,140,2050,772,10,6,4,0,0,0,0,2,1,1,0,0,0,0,173,40,69,14,95,516,356,16,11,1,0,0,4,0,2,24,7,3,"Ivan_Perišić_['T_o_t_t_e_n_h_a_m_', '_H_o_t_s_p_u_r']"
36,2022_2023,Tottenham Hotspur,Cristian Romero,ar ARG,DF,24,3,3,270.0,3.0,0.0,0.0,0.0,0.2,0.2,0.0,0.2,3,1,7.6,0,0,0,7,1,3,5,40,7,3,12,1,144,160,3051,971,0,0,0,0,0,0,0,0,0,0,0,0,0,0,203,107,18,5,129,541,264,10,1,1,0,0,2,2,0,22,15,6,"Cristian_Romero_['T_o_t_t_e_n_h_a_m_', '_H_o_t_s_p_u_r']"
37,2022_2023,Tottenham Hotspur,Davinson Sánchez,co COL,DF,26,3,3,270.0,3.0,0.0,0.0,0.0,0.2,0.2,0.0,0.2,2,0,5.4,0,0,0,7,3,4,5,28,8,5,6,0,165,187,3380,870,1,1,0,0,0,0,0,0,0,0,0,0,0,0,229,148,5,3,144,510,170,3,0,1,0,0,2,3,0,19,6,2,"Davinson_Sánchez_['T_o_t_t_e_n_h_a_m_', '_H_o_t_s_p_u_r']"
38,2022_2023,Tottenham Hotspur,Ryan Sessegnon,eng ENG,DF,22,5,3,243.0,2.7,1.0,0.0,1.0,0.7,0.7,0.0,0.7,10,5,14.9,0,0,0,7,5,2,5,40,9,5,8,0,93,124,1528,381,3,0,0,0,2,0,1,1,0,0,0,1,0,0,170,50,69,13,89,415,206,11,13,1,0,0,5,1,3,17,6,3,"Ryan_Sessegnon_['T_o_t_t_e_n_h_a_m_', '_H_o_t_s_p_u_r']"
39,2022_2023,Tottenham Hotspur,Richarlison,br BRA,"FW,MF",25,5,1,171.0,1.9,0.0,2.0,0.0,0.6,0.6,1.0,1.7,6,2,12.2,0,0,0,4,2,1,5,36,8,5,3,0,53,63,847,209,11,7,0,2,1,1,0,2,2,0,0,0,0,0,102,22,52,17,74,403,233,10,21,2,0,0,2,3,1,10,5,8,"Richarlison_['T_o_t_t_e_n_h_a_m_', '_H_o_t_s_p_u_r']"
40,2022_2023,Tottenham Hotspur,Yves Bissouma,ml MLI,MF,26,5,1,120.0,1.3,0.0,0.0,0.0,0.1,0.1,0.1,0.2,2,0,23.6,0,0,0,2,1,0,3,25,6,4,2,0,100,109,1730,328,5,3,0,0,1,0,1,0,0,0,0,0,0,0,124,35,14,1,77,369,170,8,0,2,0,0,3,0,0,15,0,0,"Yves_Bissouma_['T_o_t_t_e_n_h_a_m_', '_H_o_t_s_p_u_r']"
41,2022_2023,Tottenham Hotspur,Clément Lenglet,fr FRA,DF,27,2,1,95.0,1.1,0.0,0.0,0.0,0.0,0.0,0.0,0.0,1,0,8.1,0,0,0,0,0,0,0,10,5,3,2,0,55,61,1135,435,2,2,0,0,0,0,0,0,0,0,0,0,0,0,73,48,3,1,48,255,163,3,0,0,0,0,0,1,0,3,2,3,"Clément_Lenglet_['T_o_t_t_e_n_h_a_m_', '_H_o_t_s_p_u_r']"
42,2022_2023,Brighton and Hove Albion,Lewis Dunk,eng ENG,DF,30,5,5,450.0,5.0,0.0,0.0,0.0,0.1,0.1,0.1,0.1,2,0,9.4,0,0,0,4,2,2,2,23,13,9,10,0,190,231,4940,1469,1,1,0,0,0,0,0,0,0,0,0,0,0,0,282,176,3,3,159,816,374,2,0,0,0,0,4,4,0,48,13,8,"Lewis_Dunk_['B_r_i_g_h_t_o_n_', '_a_n_d_', '_H_o_v_e_', '_A_l_b_i_o_n']"
43,2022_2023,Brighton and Hove Albion,Pascal Groß,de GER,"MF,FW",31,5,5,450.0,5.0,3.0,1.0,3.0,1.8,1.8,1.1,2.9,7,4,12.0,0,0,0,4,3,0,3,87,25,6,3,0,132,196,2505,938,19,12,6,0,0,1,0,2,1,0,0,0,1,0,240,18,135,16,132,484,261,17,33,0,0,0,1,6,2,27,3,13,"Pascal_Groß_['B_r_i_g_h_t_o_n_', '_a_n_d_', '_H_o_v_e_', '_A_l_b_i_o_n']"
44,2022_2023,Brighton and Hove Albion,Alexis Mac Allister,ar ARG,MF,23,5,5,450.0,5.0,2.0,0.0,0.0,1.7,0.1,0.0,0.1,5,0,33.0,0,2,2,11,5,4,15,102,37,6,11,0,188,221,3924,1001,5,4,0,0,1,0,0,1,1,0,0,0,0,0,269,66,50,2,178,847,364,16,6,2,0,0,9,6,0,60,4,7,"Alexis_Mac_Allister_['B_r_i_g_h_t_o_n_', '_a_n_d_', '_H_o_v_e_', '_A_l_b_i_o_n']"
45,2022_2023,Brighton and Hove Albion,Adam Webster,eng ENG,DF,27,5,5,450.0,5.0,0.0,0.0,0.0,0.6,0.6,0.0,0.6,6,0,9.4,0,0,0,5,2,2,5,21,7,9,10,1,213,269,4917,1671,2,1,1,0,0,0,0,0,0,0,0,0,0,0,323,139,32,7,184,1022,614,17,0,1,0,0,2,2,0,58,20,6,"Adam_Webster_['B_r_i_g_h_t_o_n_', '_a_n_d_', '_H_o_v_e_', '_A_l_b_i_o_n']"
46,2022_2023,Brighton and Hove Albion,Moisés Caicedo,ec ECU,MF,20,5,5,438.0,4.9,0.0,0.0,0.0,0.0,0.0,0.2,0.3,2,1,29.0,0,0,0,11,7,1,3,74,25,7,7,0,162,196,2631,647,7,7,0,0,0,0,0,1,1,0,0,0,0,0,241,63,71,7,157,517,275,12,10,0,0,0,12,4,0,49,7,5,"Moisés_Caicedo_['B_r_i_g_h_t_o_n_', '_a_n_d_', '_H_o_v_e_', '_A_l_b_i_o_n']"
47,2022_2023,Brighton and Hove Albion,Solly March,eng ENG,"DF,MF",28,5,5,405.0,4.5,0.0,0.0,0.0,1.4,1.4,0.2,1.6,11,6,14.1,0,0,0,8,4,1,5,59,14,7,10,0,115,164,2240,636,7,4,1,0,1,1,0,1,0,0,0,1,0,0,232,39,122,18,139,757,401,20,14,1,0,0,4,7,2,32,8,14,"Solly_March_['B_r_i_g_h_t_o_n_', '_a_n_d_', '_H_o_v_e_', '_A_l_b_i_o_n']"
48,2022_2023,Brighton and Hove Albion,Leandro Trossard,be BEL,"DF,FW",27,5,5,405.0,4.5,1.0,1.0,1.0,0.9,0.9,0.5,1.3,12,3,17.7,0,0,0,1,0,0,2,49,8,7,5,0,99,137,1961,738,19,14,0,3,1,0,1,3,3,0,0,0,0,0,192,22,114,29,149,774,465,21,24,1,0,0,5,5,0,29,1,4,"Leandro_Trossard_['B_r_i_g_h_t_o_n_', '_a_n_d_', '_H_o_v_e_', '_A_l_b_i_o_n']"
49,2022_2023,Brighton and Hove Albion,Joël Veltman,nl NED,DF,30,5,5,402.0,4.5,0.0,0.0,0.0,0.1,0.1,0.0,0.1,1,0,16.0,0,0,0,13,6,5,11,42,12,10,8,0,166,215,3233,1417,2,2,0,0,0,0,0,0,0,0,0,0,0,0,269,97,45,3,121,507,275,10,3,0,0,0,4,5,0,39,7,9,"Joël_Veltman_['B_r_i_g_h_t_o_n_', '_a_n_d_', '_H_o_v_e_', '_A_l_b_i_o_n']"
50,2022_2023,Brighton and Hove Albion,Danny Welbeck,eng ENG,FW,31,5,4,384.0,4.3,0.0,1.0,0.0,0.8,0.8,1.1,1.9,7,0,10.6,0,0,0,4,4,0,1,66,19,1,2,0,77,88,1011,173,12,11,0,0,0,1,0,2,1,0,0,0,1,0,132,5,85,21,88,364,133,12,34,0,0,0,8,3,2,12,9,17,"Danny_Welbeck_['B_r_i_g_h_t_o_n_', '_a_n_d_', '_H_o_v_e_', '_A_l_b_i_o_n']"
51,2022_2023,Brighton and Hove Albion,Adam Lallana,eng ENG,MF,34,3,3,201.0,2.2,0.0,0.0,0.0,0.3,0.3,0.2,0.5,2,2,10.5,0,0,0,2,1,1,3,36,13,2,2,0,74,86,959,187,8,8,0,0,0,0,0,0,0,0,0,0,0,0,103,16,45,6,78,346,208,10,15,0,0,0,2,2,0,13,1,4,"Adam_Lallana_['B_r_i_g_h_t_o_n_', '_a_n_d_', '_H_o_v_e_', '_A_l_b_i_o_n']"
52,2022_2023,Brighton and Hove Albion,Pervis Estupiñán,ec ECU,DF,24,3,2,168.0,1.9,0.0,0.0,0.0,0.0,0.0,1.0,1.0,1,0,32.8,0,0,0,5,3,1,1,25,6,2,4,0,89,115,1696,724,7,6,0,0,0,1,0,1,0,0,0,0,1,0,140,38,47,7,87,386,186,10,5,1,0,0,4,4,0,17,3,1,"Pervis_Estupiñán_['B_r_i_g_h_t_o_n_', '_a_n_d_', '_H_o_v_e_', '_A_l_b_i_o_n']"
53,2022_2023,Brighton and Hove Albion,Enock Mwepu,zm ZAM,"MF,FW",24,5,1,130.0,1.4,0.0,0.0,0.0,0.0,0.0,0.2,0.2,0,0,,0,0,0,5,2,2,3,30,11,6,3,0,40,51,611,116,2,2,0,0,0,0,0,0,0,0,0,0,0,0,77,10,35,6,53,311,166,10,7,0,0,0,0,1,1,5,0,4,"Enock_Mwepu_['B_r_i_g_h_t_o_n_', '_a_n_d_', '_H_o_v_e_', '_A_l_b_i_o_n']"
54,2022_2023,Chelsea,Thiago Silva,br BRA,DF,37,6,6,540.0,6.0,0.0,1.0,0.0,0.1,0.1,0.2,0.3,3,0,17.6,0,0,0,13,8,3,5,29,12,12,18,1,405,454,9174,2969,2,2,0,0,0,0,0,1,1,0,0,0,0,0,518,228,16,2,342,1588,793,23,0,0,0,0,2,5,0,62,20,9,Thiago_Silva_['C_h_e_l_s_e_a']
55,2022_2023,Chelsea,Raheem Sterling,eng ENG,"FW,MF",27,6,6,513.0,5.7,3.0,1.0,3.0,2.5,2.5,1.1,3.6,11,4,13.0,0,0,0,2,1,1,2,57,18,2,0,0,121,159,1580,293,16,12,0,2,0,2,0,1,1,0,0,0,0,0,245,8,169,38,202,849,515,36,51,1,0,0,8,10,3,21,1,7,Raheem_Sterling_['C_h_e_l_s_e_a']
56,2022_2023,Chelsea,Reece James,eng ENG,DF,22,5,5,450.0,5.0,1.0,1.0,1.0,0.6,0.6,1.2,1.8,7,2,20.9,1,0,0,10,7,3,5,46,13,9,4,0,293,347,5381,1402,12,7,4,0,1,0,0,1,1,0,0,0,0,0,397,80,168,10,261,1187,658,31,19,3,0,0,5,5,3,41,12,5,Reece_James_['C_h_e_l_s_e_a']
57,2022_2023,Chelsea,Marc Cucurella,es ESP,DF,24,6,5,446.0,5.0,0.0,2.0,0.0,0.2,0.2,0.4,0.6,4,0,17.6,0,0,0,4,3,2,3,66,28,21,9,0,309,369,5560,1643,12,8,3,1,0,0,0,2,1,1,0,0,0,0,430,82,183,8,266,907,538,27,15,2,0,0,6,4,1,55,5,9,Marc_Cucurella_['C_h_e_l_s_e_a']
58,2022_2023,Chelsea,Kai Havertz,de GER,"FW,MF",23,6,5,427.0,4.7,1.0,0.0,1.0,0.9,0.9,0.1,1.0,8,4,10.2,0,0,0,9,6,1,7,90,19,12,0,0,95,127,1229,314,6,5,0,0,1,0,0,2,1,0,0,1,0,0,202,22,123,28,114,492,267,14,43,3,0,0,11,4,9,20,17,19,Kai_Havertz_['C_h_e_l_s_e_a']
59,2022_2023,Chelsea,Kalidou Koulibaly,sn SEN,DF,31,5,5,427.0,4.7,1.0,0.0,1.0,0.4,0.4,0.0,0.4,6,3,13.4,0,0,0,12,8,4,9,38,17,10,4,0,311,363,6502,2363,3,3,0,0,0,0,0,2,2,0,0,0,0,0,412,162,30,7,255,1174,680,17,0,2,1,1,7,3,0,64,14,5,Kalidou_Koulibaly_['C_h_e_l_s_e_a']
60,2022_2023,Chelsea,Ruben Loftus-Cheek,eng ENG,"MF,DF",26,6,5,423.0,4.7,0.0,0.0,0.0,0.6,0.6,0.3,0.9,4,1,13.7,0,0,0,16,8,5,7,54,22,7,6,0,201,238,3674,927,9,4,0,3,1,1,0,0,0,0,0,0,0,0,309,69,94,13,225,1107,707,33,22,1,0,0,3,12,1,36,9,9,Ruben_Loftus-Cheek_['C_h_e_l_s_e_a']
61,2022_2023,Chelsea,Mason Mount,eng ENG,"MF,FW",23,6,5,396.0,4.4,0.0,0.0,0.0,0.6,0.6,0.6,1.1,9,2,17.7,0,0,0,15,9,5,9,92,34,15,2,0,159,210,2580,619,10,8,2,0,0,0,0,0,0,0,0,0,0,0,283,25,167,25,187,773,414,29,37,0,0,0,4,7,0,24,0,2,Mason_Mount_['C_h_e_l_s_e_a']
62,2022_2023,Chelsea,Jorginho,it ITA,MF,30,6,5,372.0,4.1,1.0,0.0,0.0,0.8,0.0,0.1,0.2,1,0,34.0,0,1,1,7,4,2,10,61,17,4,8,0,226,262,4372,1034,8,8,0,0,0,0,0,1,1,0,0,0,0,0,299,62,60,2,198,704,358,17,4,0,0,0,4,11,0,46,4,5,Jorginho_['C_h_e_l_s_e_a']
63,2022_2023,Chelsea,Conor Gallagher,eng ENG,MF,22,5,3,156.0,1.7,0.0,0.0,0.0,0.0,0.0,0.4,0.4,2,0,24.4,0,0,0,9,6,3,5,37,14,2,4,0,83,103,1375,272,5,4,1,0,0,0,0,0,0,0,0,0,0,0,129,16,51,4,91,466,182,12,6,2,1,1,2,4,0,20,2,1,Conor_Gallagher_['C_h_e_l_s_e_a']
64,2022_2023,Chelsea,César Azpilicueta,es ESP,DF,33,5,2,222.0,2.5,0.0,0.0,0.0,0.0,0.0,0.4,0.4,0,0,,0,0,0,6,1,2,5,28,7,6,6,0,134,160,2344,831,4,4,0,0,0,0,0,0,0,0,0,0,0,0,191,72,44,3,96,436,303,15,2,0,0,0,2,1,0,24,8,3,César_Azpilicueta_['C_h_e_l_s_e_a']
65,2022_2023,Chelsea,N'Golo Kanté,fr FRA,MF,31,2,2,174.0,1.9,0.0,0.0,0.0,0.1,0.1,0.2,0.3,2,1,21.8,0,0,0,6,4,3,6,29,12,2,4,0,103,120,1822,272,6,6,0,0,0,0,0,1,1,0,0,0,0,0,141,22,56,4,98,518,255,16,7,0,0,0,0,0,1,21,1,3,N'Golo_Kanté_['C_h_e_l_s_e_a']
66,2022_2023,Chelsea,Christian Pulisic,us USA,"FW,MF",23,6,1,160.0,1.8,0.0,0.0,0.0,0.2,0.2,0.0,0.2,2,0,12.6,0,0,0,4,2,1,2,28,7,0,0,0,49,61,733,82,3,2,0,0,1,0,0,0,0,0,0,0,0,0,87,10,42,7,74,516,261,15,15,1,0,0,6,6,0,14,1,8,Christian_Pulisic_['C_h_e_l_s_e_a']
67,2022_2023,Chelsea,Mateo Kovačić,hr CRO,MF,28,3,1,132.0,1.5,0.0,0.0,0.0,0.1,0.1,0.3,0.3,2,0,25.5,0,0,0,3,2,0,3,15,7,2,1,0,94,108,2053,446,2,2,0,0,0,0,0,0,0,0,0,0,0,0,121,17,27,0,96,576,199,8,1,0,0,0,0,1,0,14,2,1,Mateo_Kovačić_['C_h_e_l_s_e_a']
68,2022_2023,Chelsea,Ben Chilwell,eng ENG,DF,25,5,1,122.0,1.4,1.0,1.0,1.0,0.2,0.2,0.1,0.2,1,1,3.6,0,0,0,3,1,3,4,21,4,2,3,0,59,77,869,227,2,1,0,0,0,1,0,2,1,0,0,0,1,0,100,25,53,4,56,216,127,7,8,0,0,0,1,6,0,12,2,3,Ben_Chilwell_['C_h_e_l_s_e_a']
69,2022_2023,Chelsea,Hakim Ziyech,ma MAR,MF,29,2,1,117.0,1.3,0.0,0.0,0.0,0.1,0.1,0.1,0.3,3,0,22.5,0,0,0,4,1,1,1,13,3,1,1,0,43,61,822,199,5,5,0,0,0,0,0,0,0,0,0,0,0,0,81,12,33,3,55,219,90,4,5,0,0,0,1,3,0,12,1,1,Hakim_Ziyech_['C_h_e_l_s_e_a']
70,2022_2023,Chelsea,Trevoh Chalobah,eng ENG,DF,23,1,1,90.0,1.0,0.0,0.0,0.0,0.0,0.0,0.0,0.0,0,0,,0,0,0,0,0,0,0,4,0,1,0,0,47,55,1186,281,0,0,0,0,0,0,0,0,0,0,0,0,0,0,62,28,1,0,45,198,92,1,0,0,0,0,0,0,0,6,2,2,Trevoh_Chalobah_['C_h_e_l_s_e_a']
71,2022_2023,Chelsea,Wesley Fofana,fr FRA,DF,21,1,1,90.0,1.0,0.0,0.0,0.0,0.0,0.0,0.0,0.0,1,0,32.3,0,0,0,4,3,1,1,10,5,0,1,0,83,93,1605,383,0,0,0,0,0,0,0,0,0,0,0,0,0,0,103,25,20,1,81,388,215,8,2,0,0,0,1,1,0,10,2,0,Wesley_Fofana_['C_h_e_l_s_e_a']
72,2022_2023,Liverpool,Mohamed Salah,eg EGY,FW,30,6,6,540.0,6.0,2.0,2.0,2.0,2.5,2.5,1.8,4.3,17,5,13.0,0,0,0,4,0,2,4,45,10,1,1,0,142,185,2252,700,27,23,0,2,2,0,0,3,3,0,0,0,0,0,263,6,208,62,208,841,489,38,61,0,0,0,3,4,7,40,3,11,Mohamed_Salah_['L_i_v_e_r_p_o_o_l']
73,2022_2023,Liverpool,Virgil van Dijk,nl NED,DF,31,6,6,540.0,6.0,1.0,0.0,1.0,0.4,0.4,0.0,0.5,8,2,13.4,0,0,0,2,0,0,2,35,16,13,8,0,461,522,10955,3352,4,4,0,0,0,0,0,0,0,0,0,0,0,0,579,253,33,16,364,1451,838,21,2,1,0,0,5,1,0,103,27,4,Virgil_van_Dijk_['L_i_v_e_r_p_o_o_l']
74,2022_2023,Liverpool,Luis Díaz,co COL,FW,25,6,6,527.0,5.9,3.0,0.0,3.0,2.1,2.1,0.3,2.4,17,8,12.8,0,0,0,11,8,2,5,77,33,3,6,0,174,214,2818,557,10,5,0,3,1,1,0,1,0,0,1,0,0,0,301,19,169,49,243,1497,694,35,58,1,0,0,10,19,2,34,10,21,Luis_Díaz_['L_i_v_e_r_p_o_o_l']
75,2022_2023,Liverpool,Trent Alexander-Arnold,eng ENG,DF,23,6,6,480.0,5.3,1.0,0.0,1.0,0.3,0.3,0.7,1.0,8,1,22.9,0,0,0,8,3,4,8,49,22,4,9,0,380,522,8755,3790,24,16,7,0,1,0,0,2,2,0,0,0,0,0,568,102,200,11,338,1207,627,30,24,1,0,0,3,0,2,73,3,3,Trent_Alexander-Arnold_['L_i_v_e_r_p_o_o_l']
76,2022_2023,Liverpool,Fabinho,br BRA,MF,28,6,5,450.0,5.0,0.0,0.0,0.0,0.2,0.2,0.5,0.7,4,2,14.6,0,0,0,13,7,6,13,74,28,8,4,0,312,344,6085,1146,14,13,0,0,1,0,0,1,1,0,0,0,0,0,395,81,73,7,243,1021,511,23,8,1,0,0,10,7,0,59,8,12,Fabinho_['L_i_v_e_r_p_o_o_l']
77,2022_2023,Liverpool,Harvey Elliott,eng ENG,MF,19,6,5,422.0,4.7,1.0,0.0,1.0,0.5,0.5,1.3,1.8,10,4,16.7,0,0,0,5,5,2,11,53,20,5,4,0,215,263,3630,898,23,16,1,4,2,0,0,4,4,0,0,0,0,0,313,32,158,18,243,1128,571,35,31,0,0,0,3,7,1,38,2,5,Harvey_Elliott_['L_i_v_e_r_p_o_o_l']
78,2022_2023,Liverpool,Andrew Robertson,sct SCO,DF,28,6,5,406.0,4.5,0.0,1.0,0.0,0.2,0.2,0.7,0.9,3,0,13.9,0,0,0,7,5,4,7,38,19,6,2,0,304,368,5761,1922,11,5,6,0,0,0,0,1,0,1,0,0,0,0,402,106,144,17,251,1048,699,24,24,0,0,0,1,1,1,35,6,8,Andrew_Robertson_['L_i_v_e_r_p_o_o_l']
79,2022_2023,Liverpool,Joe Gomez,eng ENG,DF,25,5,4,388.0,4.3,0.0,0.0,0.0,0.1,0.1,0.0,0.1,2,0,24.1,0,0,0,8,6,3,7,34,17,6,10,1,347,396,8231,2395,2,1,0,0,0,0,1,0,0,0,0,0,0,0,440,165,19,1,313,1484,800,17,0,0,0,0,4,3,0,79,19,15,Joe_Gomez_['L_i_v_e_r_p_o_o_l']
80,2022_2023,Liverpool,Roberto Firmino,br BRA,"FW,MF",30,5,4,343.0,3.8,3.0,3.0,3.0,2.0,2.0,0.6,2.7,14,9,13.0,0,0,0,7,6,0,4,63,27,8,0,0,132,166,2005,595,14,10,0,0,4,0,0,5,3,0,0,2,0,0,222,25,92,33,148,426,181,10,34,0,0,0,1,2,2,25,9,10,Roberto_Firmino_['L_i_v_e_r_p_o_o_l']
81,2022_2023,Liverpool,Jordan Henderson,eng ENG,MF,32,5,4,315.0,3.5,0.0,0.0,0.0,0.1,0.1,0.3,0.5,3,0,22.1,0,0,0,4,4,2,5,42,16,4,6,0,204,248,4298,1050,9,9,0,0,0,0,0,0,0,0,0,0,0,0,272,42,69,8,178,873,321,17,10,0,0,0,1,3,0,38,5,3,Jordan_Henderson_['L_i_v_e_r_p_o_o_l']
82,2022_2023,Liverpool,James Milner,eng ENG,"MF,DF",36,6,2,240.0,2.7,0.0,1.0,0.0,0.3,0.3,0.8,1.1,4,1,13.7,0,0,0,6,4,2,10,43,10,4,5,0,132,166,2802,922,13,10,1,2,0,0,0,2,2,0,0,0,0,0,207,42,70,17,132,416,208,8,22,0,0,0,2,3,0,26,8,10,James_Milner_['L_i_v_e_r_p_o_o_l']
83,2022_2023,Liverpool,Darwin Núñez,uy URU,FW,23,3,2,175.0,1.9,1.0,1.0,1.0,2.0,2.0,0.8,2.8,15,4,12.4,0,0,0,1,0,0,0,21,9,1,0,0,18,27,315,69,6,5,0,0,1,0,0,1,1,0,0,0,0,0,57,4,43,28,31,117,52,5,13,0,1,0,2,1,1,14,6,10,Darwin_Núñez_['L_i_v_e_r_p_o_o_l']
84,2022_2023,Liverpool,Fabio Carvalho,pt POR,"MF,FW",20,6,1,153.0,1.7,2.0,0.0,2.0,0.7,0.7,0.0,0.7,7,3,11.7,0,0,0,3,2,1,2,44,13,2,2,0,53,60,870,153,2,1,0,0,1,0,0,1,0,0,0,1,0,0,86,14,47,12,56,203,67,2,7,0,0,0,3,3,0,12,1,7,Fabio_Carvalho_['L_i_v_e_r_p_o_o_l']
85,2022_2023,Liverpool,Kostas Tsimikas,gr GRE,DF,26,5,1,134.0,1.5,0.0,2.0,0.0,0.1,0.1,0.4,0.5,3,0,16.4,0,0,0,5,4,3,5,22,8,5,4,0,91,119,1832,471,8,2,5,0,0,1,0,2,1,1,0,0,0,0,142,26,72,6,72,444,260,13,9,1,0,0,3,3,0,14,2,3,Kostas_Tsimikas_['L_i_v_e_r_p_o_o_l']
86,2022_2023,Liverpool,Joël Matip,cm CMR,DF,31,2,1,101.0,1.1,0.0,0.0,0.0,0.0,0.0,0.0,0.0,0,0,,0,0,0,6,4,2,3,13,7,2,3,0,93,108,2102,626,0,0,0,0,0,0,0,0,0,0,0,0,0,0,120,68,4,0,88,696,551,9,0,0,0,0,0,1,0,14,1,3,Joël_Matip_['L_i_v_e_r_p_o_o_l']
87,2022_2023,Brentford,Rico Henry,eng ENG,DF,25,6,6,540.0,6.0,0.0,1.0,0.0,0.4,0.4,0.7,1.2,6,2,19.6,0,0,0,5,4,1,4,67,18,17,11,0,158,219,2625,890,6,5,0,0,1,0,0,1,1,0,0,0,0,0,287,82,102,8,155,665,311,10,8,0,0,0,1,8,0,49,10,7,Rico_Henry_['B_r_e_n_t_f_o_r_d']
88,2022_2023,Brentford,Ivan Toney,eng ENG,FW,26,6,6,540.0,6.0,5.0,2.0,4.0,2.6,1.8,1.9,3.7,14,5,13.6,2,1,1,4,4,1,1,76,23,5,3,0,92,131,1406,491,19,11,1,2,2,3,0,4,2,0,1,0,1,0,197,17,95,26,94,239,81,3,28,1,0,0,10,11,7,17,17,38,Ivan_Toney_['B_r_e_n_t_f_o_r_d']
89,2022_2023,Brentford,Ben Mee,eng ENG,DF,32,6,6,508.0,5.6,1.0,0.0,1.0,1.2,1.2,0.0,1.2,6,1,6.3,0,0,0,7,3,1,4,29,10,8,11,0,251,321,5607,1726,1,1,0,0,0,0,0,0,0,0,0,0,0,0,383,191,21,8,217,895,427,13,0,1,0,0,2,2,0,76,27,10,Ben_Mee_['B_r_e_n_t_f_o_r_d']
90,2022_2023,Brentford,Bryan Mbeumo,fr FRA,"FW,DF",23,6,6,478.0,5.3,2.0,0.0,2.0,1.5,1.5,0.7,2.3,12,5,17.2,0,0,0,3,2,0,1,53,14,3,4,0,93,146,1677,513,10,6,3,1,0,0,0,1,0,1,0,0,0,0,190,36,103,24,128,584,237,15,27,0,0,0,2,2,2,28,6,11,Bryan_Mbeumo_['B_r_e_n_t_f_o_r_d']
91,2022_2023,Brentford,Aaron Hickey,sct SCO,DF,20,6,6,477.0,5.3,0.0,0.0,0.0,0.1,0.1,0.0,0.1,3,1,22.9,0,0,0,15,5,4,13,66,20,10,6,0,164,200,2813,857,2,2,0,0,0,0,0,0,0,0,0,0,0,0,255,89,60,3,163,996,654,25,4,3,0,0,8,10,0,32,3,4,Aaron_Hickey_['B_r_e_n_t_f_o_r_d']
92,2022_2023,Brentford,Mathias Jensen,dk DEN,MF,26,6,6,440.0,4.9,1.0,2.0,1.0,0.3,0.3,1.0,1.3,5,1,22.8,1,0,0,14,10,4,11,119,25,4,5,0,169,249,3872,1360,16,5,8,0,0,0,3,4,2,1,0,0,0,1,299,64,109,5,152,493,238,12,4,0,0,0,4,4,0,37,7,3,Mathias_Jensen_['B_r_e_n_t_f_o_r_d']
93,2022_2023,Brentford,Pontus Jansson,se SWE,DF,31,4,4,360.0,4.0,0.0,0.0,0.0,0.0,0.0,0.0,0.0,0,0,,0,0,0,5,0,1,2,18,7,6,4,0,122,143,2790,830,0,0,0,0,0,0,0,0,0,0,0,0,0,0,177,114,1,1,93,369,112,1,0,0,0,0,3,0,0,35,9,6,Pontus_Jansson_['B_r_e_n_t_f_o_r_d']
94,2022_2023,Brentford,Christian Nørgaard,dk DEN,MF,28,4,4,309.0,3.4,1.0,0.0,1.0,0.6,0.6,0.1,0.7,5,3,12.8,0,0,0,8,5,3,10,56,12,6,11,1,134,164,2678,696,4,4,0,0,0,0,0,0,0,0,0,0,0,0,198,58,33,5,122,465,227,11,0,0,0,0,7,2,0,34,7,4,Christian_Nørgaard_['B_r_e_n_t_f_o_r_d']
95,2022_2023,Brentford,Vitaly Janelt,de GER,"MF,DF",24,6,3,328.0,3.6,1.0,1.0,1.0,1.1,1.1,0.4,1.5,4,2,7.0,0,0,0,10,9,3,4,57,17,3,10,0,156,185,3005,775,12,7,0,2,2,0,1,2,2,0,0,0,0,0,223,61,46,9,143,684,343,13,4,0,0,0,2,3,0,48,7,6,Vitaly_Janelt_['B_r_e_n_t_f_o_r_d']
96,2022_2023,Brentford,Josh Dasilva,eng ENG,MF,23,6,3,310.0,3.4,2.0,0.0,2.0,0.2,0.2,0.1,0.2,4,3,17.2,0,0,0,4,1,0,1,40,9,4,1,0,132,159,2473,600,7,7,0,0,0,0,0,1,1,0,0,0,0,0,190,29,91,12,143,975,609,24,18,1,0,0,3,4,0,31,4,3,Josh_Dasilva_['B_r_e_n_t_f_o_r_d']
97,2022_2023,Brentford,Yoane Wissa,cd COD,FW,26,6,3,269.0,3.0,2.0,1.0,2.0,1.5,1.5,0.0,1.5,8,4,13.0,0,0,0,6,4,1,1,39,13,4,3,0,39,54,578,105,6,5,0,0,0,0,1,3,2,0,0,0,0,1,95,11,50,13,51,258,152,9,15,1,0,0,7,3,2,11,3,3,Yoane_Wissa_['B_r_e_n_t_f_o_r_d']
98,2022_2023,Brentford,Keane Lewis-Potter,eng ENG,"FW,MF",21,5,2,212.0,2.4,0.0,1.0,0.0,0.6,0.6,0.8,1.4,6,2,14.5,0,0,0,0,0,0,0,31,8,4,2,0,28,41,344,53,7,4,0,1,2,0,0,2,1,0,0,1,0,0,75,8,41,17,50,229,113,7,18,0,0,0,0,2,0,15,2,0,Keane_Lewis-Potter_['B_r_e_n_t_f_o_r_d']
99,2022_2023,Brentford,Shandon Baptiste,gd GRN,MF,24,6,2,200.0,2.2,0.0,0.0,0.0,0.1,0.1,0.1,0.2,1,0,18.1,0,0,0,5,3,2,7,48,14,3,3,0,71,85,1587,323,4,2,0,0,0,2,0,2,1,0,0,0,1,0,114,36,23,3,80,429,260,10,10,0,0,0,3,10,0,16,3,4,Shandon_Baptiste_['B_r_e_n_t_f_o_r_d']
100,2022_2023,Brentford,Mathias Jørgensen,dk DEN,DF,32,3,2,181.0,2.0,0.0,0.0,0.0,0.2,0.2,0.1,0.2,1,0,4.0,0,0,0,2,2,0,2,14,5,3,4,0,101,116,2025,591,1,1,0,0,0,0,0,0,0,0,0,0,0,0,129,46,6,4,79,339,210,9,0,0,0,0,1,0,0,19,8,4,Mathias_Jørgensen_['B_r_e_n_t_f_o_r_d']
101,2022_2023,Brentford,Mads Roerslev,dk DEN,DF,23,1,1,90.0,1.0,0.0,0.0,0.0,0.0,0.0,0.0,0.0,0,0,,0,0,0,0,0,0,1,5,1,4,3,0,17,21,309,160,0,0,0,0,0,0,0,0,0,0,0,0,0,0,29,11,9,0,11,37,14,1,0,0,0,0,0,1,0,4,2,1,Mads_Roerslev_['B_r_e_n_t_f_o_r_d']
102,2022_2023,Manchester United,Bruno Fernandes,pt POR,"MF,FW",27,5,5,449.0,5.0,1.0,0.0,1.0,1.1,1.1,1.2,2.3,10,3,19.3,1,0,0,5,2,0,4,67,16,7,7,0,196,266,3372,1166,17,13,1,1,2,0,0,0,0,0,0,0,0,0,323,50,146,19,221,854,499,24,33,2,0,0,5,8,1,51,6,12,"Bruno_Fernandes_['M_a_n_c_h_e_s_t_e_r_', '_U_n_i_t_e_d']"
103,2022_2023,Manchester United,Diogo Dalot,pt POR,DF,23,5,5,445.0,4.9,0.0,1.0,0.0,0.5,0.5,0.5,1.0,4,3,19.2,0,0,0,14,6,5,11,46,12,8,8,1,211,292,3986,1500,13,12,0,0,1,0,0,1,1,0,0,0,0,0,343,117,106,13,203,944,492,15,12,3,0,0,9,2,0,54,8,7,"Diogo_Dalot_['M_a_n_c_h_e_s_t_e_r_', '_U_n_i_t_e_d']"
104,2022_2023,Manchester United,Marcus Rashford,eng ENG,FW,24,5,5,441.0,4.9,1.0,1.0,1.0,1.2,1.2,0.9,2.1,13,2,16.6,0,0,0,2,2,0,3,50,12,5,1,0,83,116,1331,337,10,6,0,2,1,1,0,1,1,0,0,0,0,0,177,12,99,22,122,500,324,26,36,1,0,0,3,5,1,12,7,14,"Marcus_Rashford_['M_a_n_c_h_e_s_t_e_r_', '_U_n_i_t_e_d']"
105,2022_2023,Manchester United,Christian Eriksen,dk DEN,"MF,FW",30,5,5,440.0,4.9,0.0,0.0,0.0,0.9,0.9,0.3,1.2,11,5,18.5,2,0,0,3,2,2,3,43,17,11,3,1,204,277,3870,1059,8,5,3,0,0,0,0,0,0,0,0,0,0,0,317,63,91,10,192,656,281,17,16,0,0,0,2,1,0,43,5,5,"Christian_Eriksen_['M_a_n_c_h_e_s_t_e_r_', '_U_n_i_t_e_d']"
106,2022_2023,Manchester United,Lisandro Martínez,ar ARG,DF,24,5,5,405.0,4.5,0.0,0.0,0.0,0.2,0.2,0.0,0.2,3,0,16.6,0,0,0,8,6,4,10,50,21,6,10,0,186,220,3893,1146,2,1,0,0,1,0,0,0,0,0,0,0,0,0,272,155,16,2,161,698,384,8,0,2,0,0,4,4,0,48,9,3,"Lisandro_Martínez_['M_a_n_c_h_e_s_t_e_r_', '_U_n_i_t_e_d']"
107,2022_2023,Manchester United,Jadon Sancho,eng ENG,FW,22,5,5,352.0,3.9,2.0,0.0,2.0,1.1,1.1,0.4,1.5,3,2,12.0,0,0,0,3,3,1,2,41,9,5,4,0,117,141,1854,559,14,12,0,2,0,0,0,3,1,0,2,0,0,0,171,26,88,20,140,785,478,30,24,0,0,0,2,0,1,23,2,1,"Jadon_Sancho_['M_a_n_c_h_e_s_t_e_r_', '_U_n_i_t_e_d']"
108,2022_2023,Manchester United,Scott McTominay,sct SCO,MF,25,5,4,392.0,4.4,0.0,0.0,0.0,0.2,0.2,0.0,0.3,3,1,13.0,0,0,0,8,8,3,5,67,24,3,7,0,126,157,2198,617,9,6,0,0,2,1,0,0,0,0,0,0,0,0,206,68,42,7,144,492,250,12,8,3,0,0,14,5,0,49,16,11,"Scott_McTominay_['M_a_n_c_h_e_s_t_e_r_', '_U_n_i_t_e_d']"
109,2022_2023,Manchester United,Tyrell Malacia,nl NED,DF,23,5,3,316.0,3.5,0.0,0.0,0.0,0.0,0.0,0.0,0.0,1,0,24.4,0,0,0,10,1,3,11,52,12,8,8,0,133,161,1936,573,1,1,0,0,0,0,0,0,0,0,0,0,0,0,203,66,54,3,105,586,294,10,4,1,0,0,9,3,0,26,5,4,"Tyrell_Malacia_['M_a_n_c_h_e_s_t_e_r_', '_U_n_i_t_e_d']"
110,2022_2023,Manchester United,Raphaël Varane,fr FRA,DF,29,4,3,315.0,3.5,0.0,0.0,0.0,0.0,0.0,0.0,0.1,1,0,11.0,0,0,0,6,4,0,1,16,10,5,4,0,131,155,2832,703,1,1,0,0,0,0,0,0,0,0,0,0,0,0,199,120,5,2,105,714,348,6,1,1,0,0,2,1,1,30,18,6,"Raphaël_Varane_['M_a_n_c_h_e_s_t_e_r_', '_U_n_i_t_e_d']"
111,2022_2023,Manchester United,Anthony Elanga,se SWE,FW,20,5,3,214.0,2.4,0.0,1.0,0.0,0.5,0.5,0.8,1.3,3,1,15.5,0,0,0,2,0,1,3,30,7,3,1,0,48,65,787,264,10,7,0,0,1,2,0,1,1,0,0,0,0,0,100,13,51,10,66,207,121,8,12,0,0,0,1,4,3,10,11,5,"Anthony_Elanga_['M_a_n_c_h_e_s_t_e_r_', '_U_n_i_t_e_d']"
112,2022_2023,Manchester United,Harry Maguire,eng ENG,DF,29,2,2,180.0,2.0,0.0,0.0,0.0,0.2,0.2,0.0,0.2,1,0,5.0,0,0,0,1,1,1,1,13,4,5,3,0,116,128,2795,755,2,2,0,0,0,0,0,0,0,0,0,0,0,0,142,69,17,1,93,415,294,5,1,2,0,0,2,1,0,27,7,3,"Harry_Maguire_['M_a_n_c_h_e_s_t_e_r_', '_U_n_i_t_e_d']"
113,2022_2023,Manchester United,Luke Shaw,eng ENG,DF,27,2,2,134.0,1.5,0.0,0.0,0.0,0.1,0.1,0.3,0.4,1,1,7.8,0,0,0,2,1,0,1,13,3,3,2,0,85,105,1383,531,4,3,1,0,0,0,0,0,0,0,0,0,0,0,119,30,39,2,69,303,161,9,2,1,0,0,3,1,0,14,3,2,"Luke_Shaw_['M_a_n_c_h_e_s_t_e_r_', '_U_n_i_t_e_d']"
114,2022_2023,Manchester United,Fred,br BRA,MF,29,5,2,122.0,1.4,0.0,0.0,0.0,0.0,0.0,0.0,0.0,1,0,30.1,0,0,0,7,5,0,1,38,15,4,4,0,68,85,1248,272,1,1,0,0,0,0,0,0,0,0,0,0,0,0,106,30,25,2,72,220,67,2,3,1,0,0,4,0,0,24,0,0,"Fred_['M_a_n_c_h_e_s_t_e_r_', '_U_n_i_t_e_d']"
115,2022_2023,Manchester United,Cristiano Ronaldo,pt POR,FW,37,5,1,179.0,2.0,0.0,0.0,0.0,0.4,0.4,0.3,0.7,10,2,18.7,0,0,0,0,0,0,1,18,3,1,1,0,53,65,706,102,8,7,0,0,1,0,0,0,0,0,0,0,0,0,94,9,43,12,60,194,122,8,16,0,0,0,4,3,2,14,9,6,"Cristiano_Ronaldo_['M_a_n_c_h_e_s_t_e_r_', '_U_n_i_t_e_d']"
116,2022_2023,Leeds United,Tyler Adams,us USA,MF,23,6,6,540.0,6.0,0.0,0.0,0.0,0.0,0.0,0.2,0.3,2,0,29.1,0,0,0,24,11,14,21,130,43,14,6,0,301,355,5022,1295,11,11,0,0,0,0,0,0,0,0,0,0,0,0,424,97,75,1,236,1231,620,26,8,2,0,0,12,6,0,86,4,6,"Tyler_Adams_['L_e_e_d_s_', '_U_n_i_t_e_d']"
117,2022_2023,Leeds United,Robin Koch,de GER,DF,26,6,6,540.0,6.0,0.0,0.0,0.0,0.1,0.1,0.0,0.1,3,1,15.7,0,0,0,12,4,8,13,43,11,11,14,1,252,318,5733,2212,1,1,0,0,0,0,0,0,0,0,0,0,0,0,384,217,15,4,202,1075,568,10,1,0,0,0,5,2,0,57,21,8,"Robin_Koch_['L_e_e_d_s_', '_U_n_i_t_e_d']"
118,2022_2023,Leeds United,Diego Llorente,es ESP,DF,29,6,6,540.0,6.0,0.0,0.0,0.0,0.4,0.4,0.0,0.4,5,0,11.0,0,0,0,11,9,4,7,49,24,9,15,1,269,321,5789,1553,3,3,0,0,0,0,0,1,1,0,0,0,0,0,395,231,13,6,213,1173,592,7,1,1,0,0,5,2,0,81,21,5,"Diego_Llorente_['L_e_e_d_s_', '_U_n_i_t_e_d']"
119,2022_2023,Leeds United,Pascal Struijk,nl NED,DF,23,6,6,540.0,6.0,0.0,1.0,0.0,0.3,0.3,1.0,1.3,4,2,12.1,0,0,0,23,14,14,24,91,37,14,8,0,279,334,4303,1881,9,6,1,0,2,0,0,1,0,0,0,1,0,0,415,113,133,9,199,715,435,23,12,1,0,0,5,5,0,58,21,14,"Pascal_Struijk_['L_e_e_d_s_', '_U_n_i_t_e_d']"
120,2022_2023,Leeds United,Brenden Aaronson,us USA,"MF,FW",21,6,6,501.0,5.6,1.0,1.0,1.0,1.2,1.2,0.4,1.6,7,3,19.3,0,0,0,10,7,4,16,113,42,10,1,0,128,177,1868,473,14,9,3,1,0,0,1,2,1,0,0,0,0,1,256,22,131,17,179,912,487,24,43,2,0,0,7,13,3,31,3,13,"Brenden_Aaronson_['L_e_e_d_s_', '_U_n_i_t_e_d']"
121,2022_2023,Leeds United,Jack Harrison,eng ENG,FW,25,6,6,463.0,5.1,1.0,3.0,1.0,0.9,0.9,1.9,2.8,5,3,15.9,0,0,0,7,4,3,8,86,21,12,6,0,156,233,2457,846,27,14,10,1,0,2,0,2,1,1,0,0,0,0,324,42,189,22,216,1143,671,40,43,2,0,0,8,11,1,42,2,14,"Jack_Harrison_['L_e_e_d_s_', '_U_n_i_t_e_d']"
122,2022_2023,Leeds United,Marc Roca,es ESP,MF,25,6,6,452.0,5.0,1.0,0.0,1.0,0.7,0.7,0.2,0.9,7,4,18.5,0,0,0,12,8,2,12,81,24,7,9,0,235,292,4460,1676,9,8,0,0,0,1,0,1,0,0,0,0,1,0,341,84,75,9,224,1150,654,32,5,1,0,0,9,6,0,57,3,6,"Marc_Roca_['L_e_e_d_s_', '_U_n_i_t_e_d']"
123,2022_2023,Leeds United,Rasmus Nissen,dk DEN,DF,25,5,5,450.0,5.0,0.0,0.0,0.0,0.4,0.4,0.2,0.6,1,1,4.1,0,0,0,9,5,5,11,35,6,9,10,0,193,265,3625,1548,7,6,1,0,0,0,0,0,0,0,0,0,0,0,299,111,62,5,126,323,148,7,13,2,0,0,8,1,0,49,10,5,"Rasmus_Nissen_['L_e_e_d_s_', '_U_n_i_t_e_d']"
124,2022_2023,Leeds United,Rodrigo,es ESP,"FW,MF",31,5,5,357.0,4.0,4.0,1.0,4.0,2.4,2.4,0.7,3.0,19,7,15.3,1,0,0,1,1,0,3,60,18,3,1,0,75,110,1423,327,7,4,0,0,3,0,0,1,0,0,0,1,0,0,159,18,73,24,86,417,166,14,33,0,0,0,7,2,0,17,11,13,"Rodrigo_['L_e_e_d_s_', '_U_n_i_t_e_d']"
125,2022_2023,Leeds United,Daniel James,wls WAL,FW,24,4,2,198.0,2.2,0.0,0.0,0.0,0.3,0.3,0.3,0.5,3,1,17.4,0,0,0,4,2,1,5,47,13,3,2,0,23,40,259,78,2,1,0,0,0,1,0,0,0,0,0,0,0,0,69,11,34,6,43,255,183,12,10,0,0,0,2,6,0,8,1,6,"Daniel_James_['L_e_e_d_s_', '_U_n_i_t_e_d']"
126,2022_2023,Leeds United,Luis Sinisterra,co COL,"FW,MF",23,5,2,181.0,2.0,2.0,0.0,2.0,0.8,0.8,0.0,0.8,4,3,15.9,0,0,0,5,2,0,2,37,15,1,3,0,74,84,1092,292,7,5,0,1,0,1,0,1,0,0,1,0,0,0,108,10,48,4,80,341,166,12,15,1,0,0,3,6,0,14,4,3,"Luis_Sinisterra_['L_e_e_d_s_', '_U_n_i_t_e_d']"
127,2022_2023,Leeds United,Patrick Bamford,eng ENG,FW,28,4,2,170.0,1.9,0.0,0.0,0.0,1.5,1.5,0.0,1.5,7,2,12.1,0,0,0,0,0,0,3,29,14,1,0,0,29,34,301,58,0,0,0,0,0,0,0,0,0,0,0,0,0,0,59,2,34,15,31,177,84,4,17,0,0,0,4,0,2,10,2,4,"Patrick_Bamford_['L_e_e_d_s_', '_U_n_i_t_e_d']"
128,2022_2023,Leeds United,Joe Gelhardt,eng ENG,FW,20,5,1,126.0,1.4,0.0,0.0,0.0,0.7,0.7,0.0,0.7,6,1,27.4,0,0,0,0,0,0,1,28,8,1,1,0,27,35,349,72,2,2,0,0,0,0,0,1,1,0,0,0,0,0,65,5,30,5,40,169,98,5,17,0,0,0,3,4,0,8,2,11,"Joe_Gelhardt_['L_e_e_d_s_', '_U_n_i_t_e_d']"
129,2022_2023,Leeds United,Mateusz Klich,pl POL,MF,32,6,0,132.0,1.5,0.0,0.0,0.0,0.1,0.1,0.2,0.3,2,0,16.4,0,0,0,6,5,1,2,36,13,1,1,0,50,66,747,238,7,6,0,0,1,0,0,0,0,0,0,0,0,0,81,11,39,7,47,201,93,6,16,1,0,0,6,4,0,12,0,1,"Mateusz_Klich_['L_e_e_d_s_', '_U_n_i_t_e_d']"
130,2022_2023,Fulham,Tosin Adarabioyo,eng ENG,DF,24,6,6,540.0,6.0,0.0,0.0,0.0,0.0,0.0,0.1,0.1,0,0,,0,0,0,8,5,1,3,24,6,8,12,1,195,249,4587,1451,1,1,0,0,0,0,0,0,0,0,0,0,0,0,315,179,6,1,158,909,515,13,1,0,0,0,5,1,0,54,20,5,Tosin_Adarabioyo_['F_u_l_h_a_m']
131,2022_2023,Fulham,Aleksandar Mitrović,rs SRB,FW,27,6,6,539.0,6.0,6.0,0.0,5.0,4.8,3.2,0.2,3.5,25,13,14.1,0,1,2,8,8,2,5,87,22,8,5,0,65,113,1192,255,19,7,0,4,4,2,2,4,0,0,1,1,1,1,221,30,99,36,126,460,241,14,21,2,0,0,3,12,5,22,42,45,Aleksandar_Mitrović_['F_u_l_h_a_m']
132,2022_2023,Fulham,Harrison Reed,eng ENG,MF,27,6,6,539.0,6.0,0.0,0.0,0.0,0.2,0.2,0.2,0.5,4,0,19.6,0,0,0,6,3,2,14,103,31,13,6,0,131,189,2203,615,10,7,2,0,0,0,1,1,1,0,0,0,0,0,243,51,72,6,141,510,249,5,13,2,0,0,7,2,0,61,11,7,Harrison_Reed_['F_u_l_h_a_m']
133,2022_2023,Fulham,Tim Ream,us USA,DF,34,6,6,537.0,6.0,0.0,0.0,0.0,0.1,0.1,0.0,0.1,1,0,11.0,0,0,0,9,4,4,7,56,17,11,25,0,219,261,5320,1811,5,5,0,0,0,0,0,0,0,0,0,0,0,0,329,188,8,3,179,968,610,12,0,0,0,0,4,1,0,59,13,0,Tim_Ream_['F_u_l_h_a_m']
134,2022_2023,Fulham,João Palhinha,pt POR,MF,27,6,6,531.0,5.9,1.0,0.0,1.0,0.3,0.3,0.0,0.3,6,2,13.7,0,0,0,27,19,10,27,144,53,12,8,0,129,162,2447,494,1,0,0,0,1,0,0,0,0,0,0,0,0,0,234,72,31,5,121,485,190,5,3,4,0,0,10,9,0,55,15,8,João_Palhinha_['F_u_l_h_a_m']
135,2022_2023,Fulham,Kenny Tete,nl NED,DF,26,6,6,513.0,5.7,0.0,2.0,0.0,0.0,0.0,0.2,0.3,1,0,13.6,0,0,0,21,10,6,7,87,26,11,18,0,180,243,3005,1429,7,5,2,0,0,0,0,2,2,0,0,0,0,0,319,112,77,1,142,537,252,8,3,3,0,0,9,5,0,47,9,10,Kenny_Tete_['F_u_l_h_a_m']
136,2022_2023,Fulham,Bobby Reid,jm JAM,FW,29,6,6,507.0,5.6,1.0,0.0,1.0,1.0,1.0,0.2,1.2,8,2,10.7,0,0,0,10,6,2,4,90,21,14,7,0,84,130,1260,320,7,3,0,0,2,2,0,0,0,0,0,0,0,0,205,37,97,24,131,693,387,16,20,3,0,0,10,4,0,33,8,12,Bobby_Reid_['F_u_l_h_a_m']
137,2022_2023,Fulham,Andreas Pereira,br BRA,MF,26,6,6,478.0,5.3,0.0,1.0,0.0,0.2,0.2,0.8,1.0,7,2,24.6,2,0,0,5,3,3,8,84,25,6,1,0,102,162,2003,675,17,7,9,0,0,1,0,1,0,1,0,0,0,0,215,21,96,8,147,664,375,19,20,0,0,0,9,6,1,18,2,9,Andreas_Pereira_['F_u_l_h_a_m']
138,2022_2023,Fulham,Antonee Robinson,us USA,DF,25,6,6,478.0,5.3,0.0,0.0,0.0,0.0,0.0,0.4,0.4,1,0,26.3,0,0,0,12,5,6,8,72,20,13,20,1,140,200,2786,1699,10,9,0,0,0,0,1,0,0,0,0,0,0,0,262,121,64,3,131,790,459,15,2,2,0,0,4,2,1,36,7,6,Antonee_Robinson_['F_u_l_h_a_m']
139,2022_2023,Fulham,Neeskens Kebano,cd COD,FW,30,5,5,364.0,4.0,0.0,1.0,0.0,0.4,0.4,0.2,0.7,6,1,15.8,0,0,0,6,4,1,6,67,16,9,2,0,67,92,898,271,9,7,0,0,1,1,0,2,1,0,0,1,0,0,134,27,81,14,105,722,513,27,15,0,0,0,4,6,2,26,1,5,Neeskens_Kebano_['F_u_l_h_a_m']
140,2022_2023,Newcastle United,Joelinton,br BRA,MF,26,6,6,540.0,6.0,0.0,1.0,0.0,0.9,0.9,0.5,1.4,8,3,15.0,0,0,0,20,11,6,16,107,35,6,15,0,213,260,3590,1072,19,15,1,1,1,0,1,1,1,0,0,0,0,0,355,72,131,22,230,1279,579,19,32,2,0,0,16,5,0,50,17,19,"Joelinton_['N_e_w_c_a_s_t_l_e_', '_U_n_i_t_e_d']"
141,2022_2023,Newcastle United,Kieran Trippier,eng ENG,DF,31,6,6,540.0,6.0,1.0,0.0,1.0,0.2,0.2,0.9,1.1,4,2,24.9,4,0,0,5,3,1,9,53,14,9,18,0,230,333,5181,2730,16,6,10,0,0,0,0,0,0,0,0,0,0,0,387,111,144,1,180,674,301,13,4,2,0,0,4,5,0,65,12,9,"Kieran_Trippier_['N_e_w_c_a_s_t_l_e_', '_U_n_i_t_e_d']"
142,2022_2023,Newcastle United,Miguel Almirón,py PAR,FW,28,6,6,487.0,5.4,1.0,0.0,1.0,1.1,1.1,0.6,1.8,11,2,15.7,0,0,0,11,6,4,6,86,26,6,7,0,119,150,1846,486,13,9,0,2,2,0,0,0,0,0,0,0,0,0,216,32,132,37,172,1079,587,29,47,0,0,0,4,6,1,36,0,5,"Miguel_Almirón_['N_e_w_c_a_s_t_l_e_', '_U_n_i_t_e_d']"
143,2022_2023,Newcastle United,Joe Willock,eng ENG,MF,23,6,6,486.0,5.4,0.0,0.0,0.0,1.4,1.4,0.4,1.8,9,2,14.8,0,0,0,13,9,6,10,92,28,10,11,0,122,151,2031,499,6,5,0,0,0,0,1,0,0,0,0,0,0,0,225,58,85,22,133,664,368,23,20,0,0,0,8,5,2,35,10,9,"Joe_Willock_['N_e_w_c_a_s_t_l_e_', '_U_n_i_t_e_d']"
144,2022_2023,Newcastle United,Fabian Schär,ch SUI,DF,30,5,5,450.0,5.0,1.0,0.0,1.0,0.5,0.5,0.2,0.7,7,1,16.8,1,0,0,7,4,4,6,28,10,16,16,0,158,223,3728,1528,4,4,0,0,0,0,0,0,0,0,0,0,0,0,287,157,21,7,147,851,484,13,1,3,0,0,4,6,0,61,21,8,"Fabian_Schär_['N_e_w_c_a_s_t_l_e_', '_U_n_i_t_e_d']"
145,2022_2023,Newcastle United,Dan Burn,eng ENG,DF,30,6,5,435.0,4.8,0.0,0.0,0.0,0.4,0.4,0.1,0.5,6,1,9.5,0,0,0,13,4,4,6,43,11,9,7,0,127,157,2528,888,4,4,0,0,0,0,0,0,0,0,0,0,0,0,221,101,42,10,85,258,84,3,1,0,0,0,6,0,3,42,12,9,"Dan_Burn_['N_e_w_c_a_s_t_l_e_', '_U_n_i_t_e_d']"
146,2022_2023,Newcastle United,Sven Botman,nl NED,DF,22,5,4,361.0,4.0,0.0,0.0,0.0,0.4,0.4,0.4,0.9,4,1,9.3,0,0,0,2,1,1,3,26,11,4,3,1,159,182,3540,1090,3,2,0,0,1,0,0,0,0,0,0,0,0,0,218,123,23,14,129,605,310,3,1,0,0,0,3,0,0,34,15,2,"Sven_Botman_['N_e_w_c_a_s_t_l_e_', '_U_n_i_t_e_d']"
147,2022_2023,Newcastle United,Allan Saint-Maximin,fr FRA,FW,25,4,4,342.0,3.8,1.0,2.0,1.0,1.0,1.0,1.0,1.9,12,5,17.9,0,0,0,0,0,0,2,31,10,0,3,0,87,132,1560,500,22,15,0,5,0,2,0,5,3,0,1,0,1,0,180,15,125,26,164,1327,957,51,28,1,0,0,2,9,1,29,0,0,"Allan_Saint-Maximin_['N_e_w_c_a_s_t_l_e_', '_U_n_i_t_e_d']"
148,2022_2023,Newcastle United,Sean Longstaff,eng ENG,MF,24,6,3,317.0,3.5,0.0,1.0,0.0,0.2,0.2,0.7,0.9,4,1,14.8,0,0,0,6,3,1,8,73,22,6,4,0,102,127,2055,595,9,6,0,0,2,1,0,1,1,0,0,0,0,0,172,46,41,8,103,467,149,6,9,1,0,0,7,4,0,41,6,2,"Sean_Longstaff_['N_e_w_c_a_s_t_l_e_', '_U_n_i_t_e_d']"
149,2022_2023,Newcastle United,Matt Targett,eng ENG,DF,26,4,3,284.0,3.2,0.0,0.0,0.0,0.0,0.0,0.6,0.6,1,0,25.3,0,0,0,7,7,6,11,27,10,5,7,0,126,171,2295,1196,10,7,3,0,0,0,0,0,0,0,0,0,0,0,191,53,62,0,95,451,235,8,5,0,0,0,4,2,0,28,8,6,"Matt_Targett_['N_e_w_c_a_s_t_l_e_', '_U_n_i_t_e_d']"
150,2022_2023,Newcastle United,Bruno Guimarães,br BRA,MF,24,3,3,269.0,3.0,0.0,0.0,0.0,0.0,0.0,0.4,0.4,1,0,26.0,0,0,0,8,6,2,3,62,14,7,5,0,113,133,2002,478,9,7,0,0,0,1,1,0,0,0,0,0,0,0,182,42,51,3,132,619,273,11,4,1,0,0,2,9,0,24,1,2,"Bruno_Guimarães_['N_e_w_c_a_s_t_l_e_', '_U_n_i_t_e_d']"
151,2022_2023,Newcastle United,Callum Wilson,eng ENG,FW,30,3,3,244.0,2.7,2.0,0.0,2.0,1.2,1.2,0.2,1.4,8,4,9.7,0,0,0,1,1,0,0,37,12,0,0,0,22,33,338,14,2,2,0,0,0,0,0,0,0,0,0,0,0,0,59,2,38,17,39,228,162,9,15,0,0,0,4,1,4,7,3,9,"Callum_Wilson_['N_e_w_c_a_s_t_l_e_', '_U_n_i_t_e_d']"
152,2022_2023,Newcastle United,Ryan Fraser,sct SCO,FW,28,4,2,168.0,1.9,0.0,0.0,0.0,0.2,0.2,0.2,0.4,2,0,14.3,0,0,0,1,0,1,2,23,2,3,0,0,39,54,563,205,4,3,1,0,0,0,0,0,0,0,0,0,0,0,74,13,43,5,46,261,161,8,12,1,0,0,5,5,0,10,0,0,"Ryan_Fraser_['N_e_w_c_a_s_t_l_e_', '_U_n_i_t_e_d']"
153,2022_2023,Newcastle United,Alexander Isak,se SWE,FW,22,2,2,152.0,1.7,1.0,0.0,1.0,1.2,1.2,0.2,1.4,5,3,13.5,0,0,0,1,0,1,2,39,6,3,0,0,11,19,165,35,3,2,0,0,0,1,0,0,0,0,0,0,0,0,34,1,24,9,18,160,83,3,11,0,0,0,3,3,2,6,4,4,"Alexander_Isak_['N_e_w_c_a_s_t_l_e_', '_U_n_i_t_e_d']"
154,2022_2023,Newcastle United,Chris Wood,nz NZL,FW,30,6,1,118.0,1.3,0.0,0.0,0.0,0.2,0.2,0.0,0.2,3,1,14.6,0,0,0,0,0,0,0,19,1,1,0,0,21,32,301,79,3,2,0,0,1,0,0,0,0,0,0,0,0,0,43,9,21,7,20,97,21,0,11,0,0,0,3,0,0,6,10,7,"Chris_Wood_['N_e_w_c_a_s_t_l_e_', '_U_n_i_t_e_d']"
155,2022_2023,Newcastle United,Jamaal Lascelles,eng ENG,DF,28,1,1,90.0,1.0,0.0,0.0,0.0,0.0,0.0,0.0,0.0,0,0,,0,0,0,4,3,1,1,5,1,1,0,0,11,12,317,124,0,0,0,0,0,0,0,0,0,0,0,0,0,0,23,18,0,0,9,27,2,0,0,1,0,0,1,2,0,2,2,2,"Jamaal_Lascelles_['N_e_w_c_a_s_t_l_e_', '_U_n_i_t_e_d']"
156,2022_2023,Southampton,Mohammed Salisu,gh GHA,DF,23,6,6,540.0,6.0,0.0,0.0,0.0,0.3,0.3,0.1,0.4,4,0,7.6,0,0,0,15,9,5,7,61,23,15,14,0,201,283,4379,1741,5,3,1,1,0,0,0,1,0,1,0,0,0,0,361,159,42,4,181,837,298,6,0,2,0,0,9,2,0,76,13,6,Mohammed_Salisu_['S_o_u_t_h_a_m_p_t_o_n']
157,2022_2023,Southampton,James Ward-Prowse,eng ENG,MF,27,6,6,540.0,6.0,1.0,1.0,1.0,0.3,0.3,0.9,1.2,5,2,23.1,2,0,0,17,10,4,12,88,42,5,11,0,233,325,4458,1353,19,8,11,0,0,0,0,2,2,0,0,0,0,0,384,54,130,8,193,612,195,10,7,1,0,0,10,4,0,76,13,10,James_Ward-Prowse_['S_o_u_t_h_a_m_p_t_o_n']
158,2022_2023,Southampton,Kyle Walker-Peters,eng ENG,DF,25,6,6,539.0,6.0,1.0,0.0,1.0,0.5,0.5,0.2,0.7,4,1,13.5,0,0,0,7,3,3,8,58,17,7,12,0,177,243,2834,1220,10,6,1,1,0,2,0,1,1,0,0,0,0,0,316,63,147,19,199,1389,894,44,24,0,0,0,6,12,0,47,9,8,Kyle_Walker-Peters_['S_o_u_t_h_a_m_p_t_o_n']
159,2022_2023,Southampton,Armel Bella Kotchap,de GER,DF,20,5,5,450.0,5.0,0.0,1.0,0.0,0.6,0.6,0.1,0.7,8,1,15.8,0,0,0,7,3,1,1,36,14,8,12,0,129,174,2883,695,5,3,0,1,0,1,0,1,1,0,0,0,0,0,240,117,21,12,118,784,359,11,0,1,0,0,3,6,0,54,19,11,Armel_Bella_Kotchap_['S_o_u_t_h_a_m_p_t_o_n']
160,2022_2023,Southampton,Roméo Lavia,be BEL,MF,18,5,5,419.0,4.7,1.0,0.0,1.0,0.1,0.1,0.0,0.2,4,2,22.6,0,0,0,12,8,2,4,63,30,9,13,0,160,174,3167,791,6,6,0,0,0,0,0,0,0,0,0,0,0,0,226,58,34,3,155,612,247,9,2,1,0,0,4,7,0,50,2,5,Roméo_Lavia_['S_o_u_t_h_a_m_p_t_o_n']
161,2022_2023,Southampton,Adam Armstrong,eng ENG,"FW,MF",25,6,5,387.0,4.3,1.0,1.0,1.0,0.4,0.4,0.6,1.0,6,3,16.0,0,0,0,3,2,1,5,66,26,7,3,0,61,94,1125,213,6,5,0,1,0,0,0,1,1,0,0,0,0,0,136,16,73,21,102,607,347,17,20,0,0,0,4,5,0,15,2,6,Adam_Armstrong_['S_o_u_t_h_a_m_p_t_o_n']
162,2022_2023,Southampton,Mohamed Elyounoussi,no NOR,"FW,MF",28,5,5,357.0,4.0,0.0,0.0,0.0,0.6,0.6,0.3,1.0,8,2,16.1,0,0,0,13,7,5,9,69,21,12,2,0,54,94,942,301,8,7,0,0,1,0,0,0,0,0,0,0,0,0,150,36,63,7,79,364,212,8,18,1,0,0,9,2,0,37,5,8,Mohamed_Elyounoussi_['S_o_u_t_h_a_m_p_t_o_n']
163,2022_2023,Southampton,Joe Aribo,ng NGA,"MF,FW",26,6,4,397.0,4.4,1.0,0.0,1.0,1.0,1.0,0.2,1.1,6,4,8.4,0,0,0,9,6,2,5,62,22,4,5,0,86,117,1063,285,10,8,0,1,1,0,0,1,0,0,1,0,0,0,169,19,96,28,114,483,252,17,24,1,0,0,2,3,0,32,10,22,Joe_Aribo_['S_o_u_t_h_a_m_p_t_o_n']
164,2022_2023,Southampton,Che Adams,sct SCO,FW,26,5,4,392.0,4.4,2.0,0.0,2.0,1.1,1.1,1.0,2.1,10,4,10.9,0,0,0,4,3,1,2,43,8,3,1,0,58,92,946,187,10,8,0,1,0,1,0,0,0,0,0,0,0,0,144,11,91,31,76,240,88,4,25,0,0,0,8,7,2,16,13,40,Che_Adams_['S_o_u_t_h_a_m_p_t_o_n']
165,2022_2023,Southampton,Moussa Djenepo,ml MLI,DF,24,6,4,391.0,4.3,0.0,1.0,0.0,0.1,0.1,0.2,0.3,1,0,14.1,0,0,0,14,10,6,14,63,25,10,11,0,116,161,2075,768,9,7,0,1,0,1,0,2,1,0,1,0,0,0,213,60,68,8,140,984,587,35,4,0,0,0,3,11,0,35,3,9,Moussa_Djenepo_['S_o_u_t_h_a_m_p_t_o_n']
166,2022_2023,Southampton,Romain Perraud,fr FRA,DF,24,4,2,165.0,1.8,0.0,1.0,0.0,0.1,0.1,0.4,0.5,3,0,18.2,0,0,0,7,6,3,5,31,9,3,5,0,35,58,556,271,6,3,0,1,1,0,1,1,1,0,0,0,0,0,85,22,35,6,45,236,112,4,2,0,0,0,2,3,0,12,1,4,Romain_Perraud_['S_o_u_t_h_a_m_p_t_o_n']
167,2022_2023,Southampton,Ibrahima Diallo,fr FRA,MF,23,3,2,161.0,1.8,0.0,0.0,0.0,0.1,0.1,0.0,0.1,2,0,27.0,0,0,0,2,2,0,1,42,14,3,2,0,39,53,737,103,1,1,0,0,0,0,0,0,0,0,0,0,0,0,75,10,32,2,43,170,57,4,2,1,0,0,6,4,0,23,3,2,Ibrahima_Diallo_['S_o_u_t_h_a_m_p_t_o_n']
168,2022_2023,Southampton,Jan Bednarek,pl POL,DF,26,2,2,159.0,1.8,0.0,0.0,0.0,0.1,0.1,0.1,0.2,1,0,7.0,0,0,0,2,2,0,0,8,3,4,2,0,69,77,1385,376,1,1,0,0,0,0,0,0,0,0,0,0,0,0,91,47,3,2,35,131,50,0,0,0,0,0,0,0,0,24,2,5,Jan_Bednarek_['S_o_u_t_h_a_m_p_t_o_n']
169,2022_2023,Southampton,Stuart Armstrong,sct SCO,"MF,FW",30,5,1,190.0,2.1,0.0,0.0,0.0,0.2,0.2,0.5,0.6,4,0,22.3,0,0,0,3,2,0,7,23,9,3,3,0,66,75,1128,329,7,6,0,0,0,1,0,0,0,0,0,0,0,0,104,7,60,7,76,451,218,12,11,0,0,0,1,3,0,15,1,1,Stuart_Armstrong_['S_o_u_t_h_a_m_p_t_o_n']
170,2022_2023,Southampton,Sekou Mara,fr FRA,"FW,MF",20,4,1,101.0,1.1,0.0,1.0,0.0,0.3,0.3,0.2,0.5,6,1,15.0,0,0,0,1,0,1,3,23,4,0,1,0,12,17,159,35,4,2,0,2,0,0,0,2,1,0,1,0,0,0,34,1,21,9,26,94,25,2,7,0,0,0,4,1,1,7,0,9,Sekou_Mara_['S_o_u_t_h_a_m_p_t_o_n']
171,2022_2023,Bournemouth,Jefferson Lerma,co COL,"MF,DF",27,6,6,540.0,6.0,1.0,0.0,1.0,0.3,0.3,0.0,0.3,4,1,20.4,0,0,0,10,4,2,4,52,17,4,4,0,203,240,3753,1061,1,1,0,0,0,0,0,0,0,0,0,0,0,0,290,128,33,6,170,775,312,10,5,0,0,0,6,8,1,45,11,5,Jefferson_Lerma_['B_o_u_r_n_e_m_o_u_t_h']
172,2022_2023,Bournemouth,Chris Mepham,wls WAL,DF,24,6,6,531.0,5.9,0.0,0.0,0.0,0.0,0.0,0.0,0.0,1,1,13.6,0,0,0,10,6,3,4,43,16,9,6,0,189,234,3798,1221,0,0,0,0,0,0,0,0,0,0,0,0,0,0,313,231,2,2,164,615,274,2,0,2,0,0,7,3,0,35,10,10,Chris_Mepham_['B_o_u_r_n_e_m_o_u_t_h']
173,2022_2023,Bournemouth,Marcus Tavernier,eng ENG,"FW,MF",23,6,6,524.0,5.8,0.0,0.0,0.0,0.3,0.3,0.6,0.9,5,0,16.5,1,0,0,9,5,2,5,93,29,6,6,0,128,198,2156,593,11,7,3,0,0,1,0,1,0,1,0,0,0,0,270,67,117,15,179,1131,581,24,26,0,0,0,3,9,2,44,5,11,Marcus_Tavernier_['B_o_u_r_n_e_m_o_u_t_h']
174,2022_2023,Bournemouth,Adam Smith,eng ENG,DF,31,6,6,495.0,5.5,0.0,0.0,0.0,0.1,0.1,0.1,0.2,2,0,16.3,0,0,0,14,6,8,20,91,15,8,7,0,172,227,2995,1282,3,3,0,0,0,0,0,0,0,0,0,0,0,0,277,120,52,4,140,645,343,13,4,4,0,0,13,3,0,35,6,13,Adam_Smith_['B_o_u_r_n_e_m_o_u_t_h']
175,2022_2023,Bournemouth,Lloyd Kelly,eng ENG,DF,23,5,5,450.0,5.0,0.0,2.0,0.0,0.0,0.0,0.1,0.1,0,0,,0,0,0,6,5,3,4,29,10,7,5,0,168,216,3838,1673,2,2,0,0,0,0,0,2,2,0,0,0,0,0,267,184,19,4,155,783,357,3,0,0,0,0,4,1,0,30,10,7,Lloyd_Kelly_['B_o_u_r_n_e_m_o_u_t_h']
176,2022_2023,Bournemouth,Jordan Zemura,zw ZIM,DF,22,5,5,383.0,4.3,0.0,0.0,0.0,0.0,0.0,0.2,0.2,0,0,,0,0,0,11,5,8,12,49,16,12,9,0,125,180,2078,1247,8,5,1,2,0,0,0,0,0,0,0,0,0,0,230,91,53,5,122,606,403,21,3,1,0,0,7,5,0,22,1,5,Jordan_Zemura_['B_o_u_r_n_e_m_o_u_t_h']
177,2022_2023,Bournemouth,Philip Billing,dk DEN,"MF,FW",26,6,4,391.0,4.3,1.0,0.0,1.0,0.1,0.1,0.2,0.2,2,1,23.5,0,0,0,7,3,2,9,99,26,8,6,0,107,140,1648,327,5,4,0,0,1,0,0,1,0,0,0,1,0,0,182,57,51,7,96,485,255,12,9,1,0,0,7,5,0,28,8,6,Philip_Billing_['B_o_u_r_n_e_m_o_u_t_h']
178,2022_2023,Bournemouth,Lewis Cook,eng ENG,MF,25,6,4,383.0,4.3,0.0,1.0,0.0,0.0,0.0,0.1,0.1,1,0,23.0,0,0,0,11,6,4,9,69,16,10,10,0,133,170,2478,398,2,2,0,0,0,0,0,1,1,0,0,0,0,0,213,95,32,0,118,670,342,10,1,0,0,0,2,3,0,37,1,3,Lewis_Cook_['B_o_u_r_n_e_m_o_u_t_h']
179,2022_2023,Bournemouth,Kieffer Moore,wls WAL,FW,30,6,4,374.0,4.2,1.0,0.0,1.0,0.3,0.3,0.1,0.4,5,3,12.8,0,0,0,3,3,0,5,95,23,6,0,0,64,106,858,116,3,1,0,1,0,1,0,0,0,0,0,0,0,0,152,7,46,9,63,221,68,3,12,0,0,0,9,11,0,17,22,20,Kieffer_Moore_['B_o_u_r_n_e_m_o_u_t_h']
180,2022_2023,Bournemouth,Ryan Christie,sct SCO,"MF,FW",27,6,4,307.0,3.4,0.0,0.0,0.0,0.4,0.4,0.3,0.7,4,0,14.0,0,0,0,8,6,3,9,92,19,1,5,0,79,93,1419,249,6,5,0,0,0,1,0,0,0,0,0,0,0,0,132,34,44,9,98,573,319,12,5,0,0,0,10,9,0,28,2,5,Ryan_Christie_['B_o_u_r_n_e_m_o_u_t_h']
181,2022_2023,Bournemouth,Dominic Solanke,eng ENG,FW,24,4,3,313.0,3.5,1.0,1.0,1.0,0.6,0.6,0.4,1.0,6,4,12.9,0,0,0,1,1,1,1,82,25,7,0,0,41,53,545,194,1,1,0,0,0,0,0,1,1,0,0,0,0,0,107,27,42,17,62,384,198,7,12,0,0,0,9,10,1,19,6,16,Dominic_Solanke_['B_o_u_r_n_e_m_o_u_t_h']
182,2022_2023,Bournemouth,Ben Pearson,eng ENG,MF,27,4,3,211.0,2.3,0.0,0.0,0.0,0.0,0.0,0.0,0.0,1,1,19.1,0,0,0,5,3,0,1,38,7,4,1,0,64,81,1227,315,0,0,0,0,0,0,0,0,0,0,0,0,0,0,98,39,7,0,54,98,28,0,1,1,0,0,6,2,0,21,5,4,Ben_Pearson_['B_o_u_r_n_e_m_o_u_t_h']
183,2022_2023,Bournemouth,Marcos Senesi,ar ARG,DF,25,3,2,146.0,1.6,0.0,0.0,0.0,0.0,0.0,0.0,0.0,0,0,,0,0,0,7,5,4,7,13,8,2,3,0,44,50,882,467,1,1,0,0,0,0,0,0,0,0,0,0,0,0,68,57,0,0,33,102,50,0,0,0,0,0,0,0,0,8,1,0,Marcos_Senesi_['B_o_u_r_n_e_m_o_u_t_h']
184,2022_2023,Bournemouth,Jaidon Anthony,eng ENG,"FW,DF",22,4,1,146.0,1.6,1.0,0.0,1.0,0.4,0.4,0.1,0.6,2,2,19.6,0,0,0,5,3,2,6,26,6,1,2,0,35,50,656,190,5,4,0,1,0,0,0,0,0,0,0,0,0,0,68,15,23,2,44,232,90,5,6,0,0,0,1,2,0,4,0,3,Jaidon_Anthony_['B_o_u_r_n_e_m_o_u_t_h']
185,2022_2023,Bournemouth,Jack Stacey,eng ENG,DF,26,2,1,91.0,1.0,0.0,0.0,0.0,0.0,0.0,0.0,0.0,0,0,,0,0,0,0,0,0,3,11,4,2,2,0,17,27,310,75,0,0,0,0,0,0,0,0,0,0,0,0,0,0,32,17,5,0,19,109,86,6,2,1,0,0,1,0,0,5,1,0,Jack_Stacey_['B_o_u_r_n_e_m_o_u_t_h']
186,2022_2023,Wolverhampton Wanderers,Nathan Collins,ie IRL,DF,21,6,6,540.0,6.0,0.0,0.0,0.0,0.0,0.0,0.1,0.1,0,0,,0,0,0,4,2,3,7,28,10,9,13,0,335,366,7814,2499,3,3,0,0,0,0,0,0,0,0,0,0,0,0,430,249,14,3,282,1567,820,16,3,1,0,0,8,4,0,62,11,6,"Nathan_Collins_['W_o_l_v_e_r_h_a_m_p_t_o_n_', '_W_a_n_d_e_r_e_r_s']"
187,2022_2023,Wolverhampton Wanderers,Max Kilman,eng ENG,DF,25,6,6,540.0,6.0,0.0,0.0,0.0,0.1,0.1,0.0,0.1,2,0,8.9,0,0,0,4,2,2,6,19,11,19,13,0,321,370,7267,2155,1,1,0,0,0,0,0,0,0,0,0,0,0,0,445,276,14,4,267,1741,881,14,0,0,0,0,1,3,0,52,28,10,"Max_Kilman_['W_o_l_v_e_r_h_a_m_p_t_o_n_', '_W_a_n_d_e_r_e_r_s']"
188,2022_2023,Wolverhampton Wanderers,Rúben Neves,pt POR,MF,25,6,6,540.0,6.0,1.0,0.0,1.0,0.3,0.3,0.4,0.7,10,2,28.9,3,0,0,25,14,8,24,85,30,18,8,0,311,369,7858,1763,15,12,0,1,0,1,1,0,0,0,0,0,0,0,460,151,84,0,264,1155,497,14,5,3,0,0,6,4,0,88,8,7,"Rúben_Neves_['W_o_l_v_e_r_h_a_m_p_t_o_n_', '_W_a_n_d_e_r_e_r_s']"
189,2022_2023,Wolverhampton Wanderers,Jonny Castro,es ESP,DF,28,6,6,527.0,5.9,0.0,0.0,0.0,0.2,0.2,0.0,0.2,6,0,20.0,0,0,0,15,5,4,9,66,18,14,10,0,287,347,4885,1636,4,4,0,0,0,0,0,0,0,0,0,0,0,0,423,161,121,8,265,1346,886,33,6,1,0,0,3,10,1,47,10,8,"Jonny_Castro_['W_o_l_v_e_r_h_a_m_p_t_o_n_', '_W_a_n_d_e_r_e_r_s']"
190,2022_2023,Wolverhampton Wanderers,Pedro Neto,pt POR,"FW,MF",22,6,6,491.0,5.5,0.0,0.0,0.0,0.6,0.6,0.8,1.4,10,2,20.7,0,0,0,5,3,2,6,44,12,4,10,0,156,212,2897,759,21,13,4,1,2,1,0,3,3,0,0,0,0,0,276,32,173,33,209,1482,902,41,41,1,0,0,6,7,2,32,0,7,"Pedro_Neto_['W_o_l_v_e_r_h_a_m_p_t_o_n_', '_W_a_n_d_e_r_e_r_s']"
191,2022_2023,Wolverhampton Wanderers,Rayan Aït Nouri,fr FRA,DF,21,5,4,371.0,4.1,0.0,0.0,0.0,0.1,0.1,0.6,0.8,3,2,12.6,0,0,0,12,6,3,5,75,27,5,7,0,197,236,3379,1300,8,7,0,1,0,0,0,0,0,0,0,0,0,0,295,88,107,13,197,762,482,30,15,1,0,0,6,3,0,24,6,9,"Rayan_Aït_Nouri_['W_o_l_v_e_r_h_a_m_p_t_o_n_', '_W_a_n_d_e_r_e_r_s']"
192,2022_2023,Wolverhampton Wanderers,Matheus Nunes,pt POR,MF,24,4,4,344.0,3.8,0.0,1.0,0.0,0.5,0.5,0.4,0.8,8,1,16.6,0,0,0,6,5,0,3,74,23,3,3,0,117,149,2365,444,10,9,0,0,1,0,0,1,1,0,0,0,0,0,206,35,103,12,139,859,492,17,31,0,0,0,8,6,0,24,7,5,"Matheus_Nunes_['W_o_l_v_e_r_h_a_m_p_t_o_n_', '_W_a_n_d_e_r_e_r_s']"
193,2022_2023,Wolverhampton Wanderers,Daniel Podence,pt POR,"MF,FW",26,6,4,343.0,3.8,2.0,0.0,2.0,1.1,1.1,0.8,1.9,7,2,14.6,0,0,0,2,2,1,1,37,13,2,0,0,92,143,1623,523,13,13,0,0,0,0,0,0,0,0,0,0,0,0,181,16,97,9,130,524,280,14,21,1,0,0,8,7,0,30,0,3,"Daniel_Podence_['W_o_l_v_e_r_h_a_m_p_t_o_n_', '_W_a_n_d_e_r_e_r_s']"
194,2022_2023,Wolverhampton Wanderers,João Moutinho,pt POR,MF,35,4,4,326.0,3.6,0.0,0.0,0.0,0.2,0.2,0.2,0.4,3,0,18.7,1,0,0,11,6,5,12,59,20,4,4,0,163,192,3465,763,15,11,3,0,0,0,1,0,0,0,0,0,0,0,217,43,78,2,136,609,366,23,2,1,0,0,7,3,0,24,2,5,"João_Moutinho_['W_o_l_v_e_r_h_a_m_p_t_o_n_', '_W_a_n_d_e_r_e_r_s']"
195,2022_2023,Wolverhampton Wanderers,Gonçalo Guedes,pt POR,"FW,MF",25,5,3,314.0,3.5,0.0,1.0,0.0,0.3,0.3,0.4,0.6,8,2,20.6,0,0,0,3,3,0,2,37,11,2,2,0,65,84,1114,269,12,5,1,2,1,3,0,1,1,0,0,0,0,0,125,13,69,10,94,641,389,16,19,1,0,0,5,12,2,16,3,6,"Gonçalo_Guedes_['W_o_l_v_e_r_h_a_m_p_t_o_n_', '_W_a_n_d_e_r_e_r_s']"
196,2022_2023,Wolverhampton Wanderers,Leander Dendoncker,be BEL,MF,27,4,2,214.0,2.4,0.0,0.0,0.0,0.3,0.3,0.0,0.4,3,2,16.5,0,0,0,4,4,3,6,25,8,4,8,0,83,95,1624,281,4,4,0,0,0,0,0,0,0,0,0,0,0,0,117,36,18,6,68,257,102,4,2,0,0,0,0,1,0,17,2,4,"Leander_Dendoncker_['W_o_l_v_e_r_h_a_m_p_t_o_n_', '_W_a_n_d_e_r_e_r_s']"
197,2022_2023,Wolverhampton Wanderers,Raúl Jiménez,mx MEX,FW,31,3,2,212.0,2.4,0.0,0.0,0.0,0.8,0.8,0.6,1.4,7,3,11.6,0,0,0,0,0,0,1,29,6,5,0,0,29,33,437,87,5,5,0,0,0,0,0,0,0,0,0,0,0,0,64,7,38,16,26,153,103,5,18,0,0,0,2,3,4,6,8,5,"Raúl_Jiménez_['W_o_l_v_e_r_h_a_m_p_t_o_n_', '_W_a_n_d_e_r_e_r_s']"
198,2022_2023,Wolverhampton Wanderers,Nélson Semedo,pt POR,DF,28,4,2,182.0,2.0,0.0,0.0,0.0,0.0,0.0,0.2,0.2,1,0,23.3,0,0,0,10,5,5,6,18,9,6,3,0,75,91,1326,367,4,3,0,0,1,0,0,0,0,0,0,0,0,0,133,41,49,2,74,475,271,9,10,1,0,0,1,4,0,17,2,1,"Nélson_Semedo_['W_o_l_v_e_r_h_a_m_p_t_o_n_', '_W_a_n_d_e_r_e_r_s']"
199,2022_2023,Wolverhampton Wanderers,Morgan Gibbs-White,eng ENG,FW,22,2,2,180.0,2.0,0.0,0.0,0.0,0.6,0.6,0.1,0.7,3,1,11.7,0,0,0,3,1,1,2,25,7,4,1,0,76,97,1328,417,3,1,1,1,0,0,0,0,0,0,0,0,0,0,122,17,50,4,81,419,239,11,10,1,0,0,3,5,0,19,2,7,"Morgan_Gibbs-White_['W_o_l_v_e_r_h_a_m_p_t_o_n_', '_W_a_n_d_e_r_e_r_s']"
200,2022_2023,Wolverhampton Wanderers,Hwang Hee-chan,kr KOR,FW,26,5,2,167.0,1.9,0.0,1.0,0.0,0.4,0.4,0.5,0.9,4,2,19.7,0,0,0,2,1,1,2,15,4,1,1,1,29,37,402,68,4,2,0,1,0,1,0,1,1,0,0,0,0,0,67,13,38,9,46,335,192,9,9,0,0,0,2,3,0,10,1,6,"Hwang_Hee-chan_['W_o_l_v_e_r_h_a_m_p_t_o_n_', '_W_a_n_d_e_r_e_r_s']"
201,2022_2023,Crystal Palace,Joachim Andersen,dk DEN,DF,26,6,6,540.0,6.0,1.0,0.0,1.0,0.5,0.5,0.6,1.1,2,1,7.7,0,0,0,11,4,5,7,42,17,11,10,0,269,337,7687,2584,4,4,0,0,0,0,0,0,0,0,0,0,0,0,434,291,17,6,222,1092,419,8,1,1,0,0,5,9,0,60,15,10,"Joachim_Andersen_['C_r_y_s_t_a_l_', '_P_a_l_a_c_e']"
202,2022_2023,Crystal Palace,Marc Guéhi,eng ENG,DF,22,6,6,540.0,6.0,0.0,0.0,0.0,0.1,0.1,0.4,0.5,2,1,8.0,0,0,0,6,4,3,6,37,12,14,7,0,284,324,6500,2020,4,3,0,0,1,0,0,0,0,0,0,0,0,0,382,243,11,3,229,993,591,6,1,1,0,0,3,5,0,60,12,8,"Marc_Guéhi_['C_r_y_s_t_a_l_', '_P_a_l_a_c_e']"
203,2022_2023,Crystal Palace,Cheick Doucouré,ml MLI,MF,22,6,6,512.0,5.7,0.0,1.0,0.0,0.2,0.2,0.8,1.0,7,1,25.6,0,0,0,20,17,4,11,74,27,10,16,0,205,235,4106,1034,11,8,0,0,1,0,2,1,1,0,0,0,0,0,301,101,48,4,175,925,448,21,3,1,0,0,5,4,0,42,2,5,"Cheick_Doucouré_['C_r_y_s_t_a_l_', '_P_a_l_a_c_e']"
204,2022_2023,Crystal Palace,Jeffrey Schlupp,gh GHA,MF,29,6,6,508.0,5.6,0.0,0.0,0.0,0.6,0.6,0.0,0.6,9,2,18.0,0,0,0,14,6,2,6,86,24,9,5,0,121,161,2255,487,6,3,0,1,1,1,0,1,1,0,0,0,0,0,221,57,61,9,137,513,236,13,14,1,0,0,11,8,0,49,6,5,"Jeffrey_Schlupp_['C_r_y_s_t_a_l_', '_P_a_l_a_c_e']"
205,2022_2023,Crystal Palace,Eberechi Eze,eng ENG,"MF,FW",24,6,6,478.0,5.3,0.0,2.0,0.0,0.7,0.7,0.9,1.6,6,2,20.0,1,0,0,6,4,1,4,69,22,7,8,0,156,197,2868,748,16,7,6,1,0,0,2,3,1,1,1,0,0,0,265,63,91,13,186,1003,635,24,15,0,0,0,1,11,1,32,4,9,"Eberechi_Eze_['C_r_y_s_t_a_l_', '_P_a_l_a_c_e']"
206,2022_2023,Crystal Palace,Joel Ward,eng ENG,DF,32,5,5,450.0,5.0,0.0,0.0,0.0,0.0,0.0,0.0,0.0,0,0,,0,0,0,8,2,3,4,54,5,11,5,0,153,217,2913,1208,3,2,0,1,0,0,0,0,0,0,0,0,0,0,268,137,37,5,118,491,257,6,2,2,0,0,10,2,0,40,12,3,"Joel_Ward_['C_r_y_s_t_a_l_', '_P_a_l_a_c_e']"
207,2022_2023,Crystal Palace,Wilfried Zaha,ci CIV,"FW,MF",29,5,5,441.0,4.9,4.0,0.0,4.0,2.7,1.7,1.1,2.9,14,7,16.9,0,0,1,6,2,2,5,94,29,1,0,0,97,123,1369,286,14,10,0,3,1,0,0,2,1,0,0,1,0,0,216,21,107,33,183,818,560,34,40,1,0,0,8,17,3,32,1,8,"Wilfried_Zaha_['C_r_y_s_t_a_l_', '_P_a_l_a_c_e']"
208,2022_2023,Crystal Palace,Jordan Ayew,gh GHA,"FW,MF",30,6,5,399.0,4.4,0.0,0.0,0.0,0.5,0.5,0.4,0.9,4,3,16.7,0,0,0,14,11,4,10,128,33,7,4,0,83,103,1385,248,11,7,0,4,0,0,0,0,0,0,0,0,0,0,175,33,70,11,137,847,546,19,13,0,0,0,14,13,0,23,10,22,"Jordan_Ayew_['C_r_y_s_t_a_l_', '_P_a_l_a_c_e']"
209,2022_2023,Crystal Palace,Tyrick Mitchell,eng ENG,DF,23,6,5,387.0,4.3,0.0,1.0,0.0,0.0,0.0,0.3,0.3,0,0,,0,0,0,11,7,1,3,97,21,10,10,0,169,224,3047,1324,4,4,0,0,0,0,0,1,1,0,0,0,0,0,268,104,38,0,148,527,292,5,3,0,0,0,6,2,0,26,0,6,"Tyrick_Mitchell_['C_r_y_s_t_a_l_', '_P_a_l_a_c_e']"
210,2022_2023,Crystal Palace,Nathaniel Clyne,eng ENG,DF,31,5,4,371.0,4.1,0.0,0.0,0.0,0.0,0.0,0.1,0.1,0,0,,0,0,0,8,3,3,4,37,8,9,5,0,149,182,2565,1015,4,3,1,0,0,0,0,0,0,0,0,0,0,0,213,74,42,1,109,438,250,9,0,1,0,0,2,1,0,26,1,10,"Nathaniel_Clyne_['C_r_y_s_t_a_l_', '_P_a_l_a_c_e']"
211,2022_2023,Crystal Palace,Odsonne Édouard,fr FRA,FW,24,6,3,285.0,3.2,0.0,1.0,0.0,0.9,0.9,0.3,1.2,7,4,11.1,0,0,0,3,2,1,1,72,12,4,0,0,61,74,759,173,10,7,0,0,2,1,0,2,2,0,0,0,0,0,115,14,46,12,64,304,207,13,11,1,0,0,7,2,2,15,10,9,"Odsonne_Édouard_['C_r_y_s_t_a_l_', '_P_a_l_a_c_e']"
212,2022_2023,Crystal Palace,Jean-Philippe Mateta,fr FRA,FW,25,5,2,186.0,2.1,1.0,0.0,1.0,1.2,1.2,0.2,1.3,9,4,14.1,0,0,0,2,2,0,1,34,8,0,1,0,36,45,523,12,5,3,0,0,2,0,0,0,0,0,0,0,0,0,71,12,29,12,43,199,56,5,18,1,0,0,6,2,0,9,6,6,"Jean-Philippe_Mateta_['C_r_y_s_t_a_l_', '_P_a_l_a_c_e']"
213,2022_2023,Crystal Palace,Michael Olise,fr FRA,"MF,FW",20,5,1,149.0,1.7,0.0,0.0,0.0,0.2,0.2,0.3,0.4,4,1,21.1,0,0,0,9,3,2,2,35,7,2,3,0,49,70,1005,315,8,3,2,2,0,0,1,0,0,0,0,0,0,0,104,18,53,3,72,534,356,22,6,0,0,0,3,3,0,11,0,2,"Michael_Olise_['C_r_y_s_t_a_l_', '_P_a_l_a_c_e']"
214,2022_2023,Everton,Alex Iwobi,ng NGA,MF,26,6,6,540.0,6.0,0.0,1.0,0.0,0.1,0.1,0.7,0.8,4,1,26.9,0,0,0,14,6,5,14,88,38,5,9,0,208,249,4261,1359,17,15,0,2,0,0,0,1,1,0,0,0,0,0,311,84,56,3,212,1006,433,12,10,1,0,0,4,1,0,67,2,6,Alex_Iwobi_['E_v_e_r_t_o_n']
215,2022_2023,Everton,Nathan Patterson,sct SCO,DF,20,6,6,540.0,6.0,0.0,0.0,0.0,0.3,0.3,0.4,0.7,5,1,18.6,0,0,0,21,10,6,15,95,24,12,12,0,171,230,2724,1034,6,4,0,0,0,1,1,0,0,0,0,0,0,0,305,113,97,10,145,763,344,15,7,1,0,0,6,4,1,42,6,6,Nathan_Patterson_['E_v_e_r_t_o_n']
216,2022_2023,Everton,James Tarkowski,eng ENG,DF,29,6,6,540.0,6.0,0.0,0.0,0.0,0.5,0.5,0.1,0.6,5,3,9.8,0,0,0,12,8,3,7,50,21,14,14,0,184,221,4613,1449,3,3,0,0,0,0,0,0,0,0,0,0,0,0,317,193,10,9,143,469,234,4,2,0,0,0,4,2,0,56,26,6,James_Tarkowski_['E_v_e_r_t_o_n']
217,2022_2023,Everton,Vitaliy Mykolenko,ua UKR,DF,23,6,6,535.0,5.9,0.0,0.0,0.0,0.3,0.3,0.3,0.7,3,1,19.6,0,0,0,10,5,3,7,41,14,10,17,0,183,246,3013,1242,11,9,0,0,1,1,0,0,0,0,0,0,0,0,318,108,72,4,163,723,421,13,7,1,0,0,6,3,0,48,9,13,Vitaliy_Mykolenko_['E_v_e_r_t_o_n']
218,2022_2023,Everton,Anthony Gordon,eng ENG,FW,21,6,6,531.0,5.9,2.0,0.0,2.0,1.7,1.7,0.4,2.1,18,13,16.6,0,0,0,11,6,2,12,134,44,8,5,0,102,135,1751,390,20,11,0,2,4,1,2,0,0,0,0,0,0,0,241,44,115,30,160,1011,608,27,23,3,0,0,13,11,3,40,5,28,Anthony_Gordon_['E_v_e_r_t_o_n']
219,2022_2023,Everton,Demarai Gray,eng ENG,FW,26,6,6,530.0,5.9,1.0,0.0,1.0,1.3,1.3,0.7,1.9,14,5,18.7,2,0,0,5,3,2,5,56,18,4,2,0,106,158,1952,534,18,12,2,2,2,0,0,1,1,0,0,0,0,0,241,25,130,30,163,1061,675,29,40,0,0,0,2,6,5,31,3,19,Demarai_Gray_['E_v_e_r_t_o_n']
220,2022_2023,Everton,Conor Coady,eng ENG,DF,29,5,5,440.0,4.9,0.0,1.0,0.0,0.0,0.0,0.3,0.3,0,0,,0,0,0,3,3,1,2,15,5,6,4,0,170,196,4203,1439,4,4,0,0,0,0,0,1,1,0,0,0,0,0,251,177,4,1,145,770,496,4,1,0,0,0,3,6,1,29,11,7,Conor_Coady_['E_v_e_r_t_o_n']
221,2022_2023,Everton,Dwight McNeil,eng ENG,FW,22,6,4,341.0,3.8,0.0,0.0,0.0,0.3,0.3,0.2,0.5,6,1,15.5,0,0,0,14,7,4,8,106,26,8,6,0,86,122,1554,412,13,9,3,1,0,0,0,0,0,0,0,0,0,0,180,38,78,9,119,609,268,18,13,0,0,0,0,5,1,29,0,9,Dwight_McNeil_['E_v_e_r_t_o_n']
222,2022_2023,Everton,Mason Holgate,eng ENG,DF,25,4,3,320.0,3.6,0.0,0.0,0.0,0.3,0.3,0.2,0.6,3,0,12.4,0,0,0,7,4,1,3,36,12,5,7,0,107,149,2441,594,6,5,0,0,1,0,0,2,2,0,0,0,0,0,193,98,15,4,104,441,245,4,0,1,0,0,3,5,0,30,9,5,Mason_Holgate_['E_v_e_r_t_o_n']
223,2022_2023,Everton,Amadou Onana,be BEL,MF,21,5,3,301.0,3.3,0.0,0.0,0.0,0.6,0.6,0.2,0.8,4,0,13.2,0,0,0,13,7,2,7,55,17,5,9,0,82,108,1428,227,4,3,0,1,0,0,0,0,0,0,0,0,0,0,158,44,23,5,84,345,192,4,5,2,0,0,8,5,0,30,10,8,Amadou_Onana_['E_v_e_r_t_o_n']
224,2022_2023,Everton,Tom Davies,eng ENG,MF,24,5,3,276.0,3.1,0.0,0.0,0.0,0.4,0.4,0.1,0.5,5,0,17.3,0,0,0,6,6,1,3,44,15,4,7,0,77,103,1418,411,4,4,0,0,0,0,0,0,0,0,0,0,0,0,143,39,27,7,68,261,126,4,7,2,0,0,3,4,1,28,7,7,Tom_Davies_['E_v_e_r_t_o_n']
225,2022_2023,Everton,Abdoulaye Doucouré,ml MLI,MF,29,2,2,124.0,1.4,0.0,0.0,0.0,0.2,0.2,0.0,0.2,2,1,12.0,0,0,0,5,4,1,3,33,16,3,0,0,40,46,663,220,2,1,0,0,1,0,0,0,0,0,0,0,0,0,58,18,15,5,31,124,70,3,2,0,0,0,1,1,0,17,2,4,Abdoulaye_Doucouré_['E_v_e_r_t_o_n']
226,2022_2023,Everton,Neal Maupay,fr FRA,FW,26,1,1,90.0,1.0,0.0,0.0,0.0,0.7,0.7,0.1,0.7,5,1,10.4,0,0,0,0,0,0,0,12,0,0,0,0,11,15,105,34,4,3,0,0,1,0,0,0,0,0,0,0,0,0,23,3,16,7,15,109,63,2,6,0,0,0,0,1,0,3,0,2,Neal_Maupay_['E_v_e_r_t_o_n']
227,2022_2023,Aston Villa,Lucas Digne,fr FRA,DF,29,6,6,540.0,6.0,0.0,0.0,0.0,0.2,0.2,0.5,0.7,3,0,16.5,0,0,0,10,8,5,10,75,27,16,7,0,282,371,4889,1735,8,7,1,0,0,0,0,0,0,0,0,0,0,0,440,130,157,12,252,1019,627,33,11,2,0,0,10,11,2,61,18,7,"Lucas_Digne_['A_s_t_o_n_', '_V_i_l_l_a']"
228,2022_2023,Aston Villa,Boubacar Kamara,fr FRA,MF,22,6,6,523.0,5.8,0.0,0.0,0.0,0.0,0.0,0.0,0.0,1,0,32.0,0,0,0,22,15,6,14,122,47,15,12,0,277,324,5054,1131,2,2,0,0,0,0,0,0,0,0,0,0,0,0,392,115,44,2,246,969,417,17,3,1,0,0,19,9,0,66,12,7,"Boubacar_Kamara_['A_s_t_o_n_', '_V_i_l_l_a']"
229,2022_2023,Aston Villa,John McGinn,sct SCO,MF,27,6,6,477.0,5.3,0.0,0.0,0.0,0.2,0.2,0.2,0.4,7,0,26.1,0,0,0,17,10,4,9,92,28,10,8,0,196,244,4047,1649,5,3,2,0,0,0,0,0,0,0,0,0,0,0,306,48,71,1,217,742,382,20,4,2,0,0,11,9,0,47,5,3,"John_McGinn_['A_s_t_o_n_', '_V_i_l_l_a']"
230,2022_2023,Aston Villa,Matty Cash,pl POL,DF,25,6,6,475.0,5.3,0.0,0.0,0.0,0.1,0.1,0.3,0.4,3,0,24.2,0,0,0,11,6,5,12,44,17,12,7,0,197,258,3359,1046,10,9,0,1,0,0,0,0,0,0,0,0,0,0,311,82,108,9,191,1219,757,26,12,2,0,0,6,7,1,35,5,3,"Matty_Cash_['A_s_t_o_n_', '_V_i_l_l_a']"
231,2022_2023,Aston Villa,Ollie Watkins,eng ENG,FW,26,6,5,475.0,5.3,1.0,2.0,1.0,1.0,1.0,1.1,2.1,7,3,11.3,0,0,0,5,5,1,2,57,21,7,0,0,91,109,1148,160,8,8,0,0,0,0,0,2,2,0,0,0,0,0,154,11,84,17,97,446,236,11,33,0,0,0,4,6,3,17,7,28,"Ollie_Watkins_['A_s_t_o_n_', '_V_i_l_l_a']"
232,2022_2023,Aston Villa,Ezri Konsa,eng ENG,DF,24,6,5,451.0,5.0,0.0,0.0,0.0,0.1,0.1,0.0,0.1,1,0,7.0,0,0,0,10,6,2,3,42,13,8,7,0,212,248,4234,1150,0,0,0,0,0,0,0,0,0,0,0,0,0,0,292,172,6,2,190,825,369,12,0,1,0,0,5,7,0,39,9,6,"Ezri_Konsa_['A_s_t_o_n_', '_V_i_l_l_a']"
233,2022_2023,Aston Villa,Jacob Ramsey,eng ENG,MF,21,6,5,429.0,4.8,0.0,1.0,0.0,0.1,0.1,0.6,0.7,3,2,24.0,0,0,0,12,8,2,9,91,25,9,5,0,177,196,2611,772,12,11,0,1,0,0,0,1,1,0,0,0,0,0,255,37,94,10,190,1001,632,33,16,2,0,0,7,8,1,36,6,5,"Jacob_Ramsey_['A_s_t_o_n_', '_V_i_l_l_a']"
234,2022_2023,Aston Villa,Leon Bailey,jm JAM,"FW,MF",25,6,4,360.0,4.0,1.0,1.0,1.0,0.3,0.3,0.6,0.9,6,2,16.6,0,0,0,3,2,0,1,59,16,3,2,0,74,115,1302,337,8,7,0,1,0,0,0,1,1,0,0,0,0,0,159,15,102,13,119,660,334,20,24,0,0,0,3,2,2,21,6,14,"Leon_Bailey_['A_s_t_o_n_', '_V_i_l_l_a']"
235,2022_2023,Aston Villa,Tyrone Mings,eng ENG,DF,29,4,4,360.0,4.0,0.0,0.0,0.0,0.0,0.0,0.0,0.0,0,0,,0,0,0,3,3,1,1,23,9,6,8,0,158,187,3546,1260,2,1,0,0,0,1,0,1,1,0,0,0,0,0,221,139,3,1,136,620,245,6,0,0,0,0,3,2,0,33,10,4,"Tyrone_Mings_['A_s_t_o_n_', '_V_i_l_l_a']"
236,2022_2023,Aston Villa,Philippe Coutinho,br BRA,"MF,FW",30,6,3,266.0,3.0,0.0,0.0,0.0,0.2,0.2,0.2,0.4,6,3,20.2,0,0,0,2,1,1,4,44,8,6,2,0,112,144,1769,255,7,6,0,1,0,0,0,0,0,0,0,0,0,0,183,13,88,6,133,704,349,25,20,1,0,0,6,4,2,21,4,6,"Philippe_Coutinho_['A_s_t_o_n_', '_V_i_l_l_a']"
237,2022_2023,Aston Villa,Danny Ings,eng ENG,FW,30,5,3,252.0,2.8,1.0,0.0,1.0,0.6,0.6,0.0,0.6,8,3,14.5,0,0,0,0,0,0,1,34,15,4,0,0,44,57,588,98,5,3,0,1,1,0,0,1,0,0,1,0,0,0,87,5,54,18,62,263,99,7,25,2,0,0,5,2,3,10,5,6,"Danny_Ings_['A_s_t_o_n_', '_V_i_l_l_a']"
238,2022_2023,Aston Villa,Emi Buendía,ar ARG,"FW,MF",25,6,2,246.0,2.7,1.0,0.0,1.0,1.3,1.3,0.1,1.5,5,3,11.8,0,0,0,3,2,1,6,29,9,2,0,0,108,137,2158,463,6,4,1,0,0,1,0,1,1,0,0,0,0,0,162,18,83,12,122,623,339,20,21,0,0,0,3,4,1,22,5,5,"Emi_Buendía_['A_s_t_o_n_', '_V_i_l_l_a']"
239,2022_2023,Aston Villa,Douglas Luiz,br BRA,MF,24,5,2,200.0,2.2,1.0,0.0,1.0,0.0,0.0,0.3,0.3,2,1,29.5,0,0,0,2,1,0,5,34,9,3,2,0,114,135,2279,471,7,5,1,0,1,0,0,0,0,0,0,0,0,0,159,37,36,0,106,455,245,17,4,1,0,0,3,3,0,24,2,2,"Douglas_Luiz_['A_s_t_o_n_', '_V_i_l_l_a']"
240,2022_2023,Aston Villa,Diego Carlos,br BRA,DF,29,2,2,179.0,2.0,0.0,0.0,0.0,0.3,0.3,0.0,0.3,4,0,15.2,0,0,0,2,1,0,0,16,5,2,3,0,102,123,2253,689,1,0,0,0,1,0,0,0,0,0,0,0,0,0,143,57,11,4,95,341,182,4,0,0,0,0,1,0,0,19,6,4,"Diego_Carlos_['A_s_t_o_n_', '_V_i_l_l_a']"
241,2022_2023,Aston Villa,Calum Chambers,eng ENG,DF,27,2,1,91.0,1.0,0.0,0.0,0.0,0.0,0.0,0.0,0.0,0,0,,0,0,0,2,1,1,1,15,5,4,5,0,62,71,1290,491,1,0,0,0,0,0,1,0,0,0,0,0,0,0,83,57,2,0,55,332,251,1,0,0,0,0,3,0,0,10,3,1,"Calum_Chambers_['A_s_t_o_n_', '_V_i_l_l_a']"
242,2022_2023,West Ham United,Declan Rice,eng ENG,MF,23,6,6,540.0,6.0,0.0,1.0,0.0,1.0,0.2,0.6,0.8,5,1,26.7,0,0,1,15,9,4,7,74,26,11,18,0,266,306,5305,1130,13,10,0,1,1,1,0,1,1,0,0,0,0,0,368,124,69,6,232,1428,735,23,6,1,0,0,6,1,0,69,11,3,"Declan_Rice_['W_e_s_t_', '_H_a_m_', '_U_n_i_t_e_d']"
243,2022_2023,West Ham United,Tomáš Souček,cz CZE,MF,27,6,6,540.0,6.0,1.0,0.0,1.0,1.3,1.3,0.0,1.3,10,5,9.4,0,0,0,13,12,3,9,84,20,9,10,0,147,184,2704,609,11,7,0,0,3,0,1,0,0,0,0,0,0,0,242,77,52,16,125,634,227,10,4,0,0,0,12,4,0,39,17,9,"Tomáš_Souček_['W_e_s_t_', '_H_a_m_', '_U_n_i_t_e_d']"
244,2022_2023,West Ham United,Kurt Zouma,fr FRA,DF,27,6,6,540.0,6.0,0.0,0.0,0.0,0.3,0.3,0.0,0.3,4,0,8.3,0,0,0,4,3,3,3,29,12,7,7,0,195,232,4130,1392,1,1,0,0,0,0,0,1,1,0,0,0,0,0,296,196,9,6,147,640,291,8,0,0,0,0,4,3,0,45,19,3,"Kurt_Zouma_['W_e_s_t_', '_H_a_m_', '_U_n_i_t_e_d']"
245,2022_2023,West Ham United,Jarrod Bowen,eng ENG,FW,25,6,6,533.0,5.9,0.0,0.0,0.0,0.9,0.9,0.2,1.1,11,1,15.6,0,0,0,10,5,5,11,106,21,8,7,0,81,122,1389,316,10,3,2,1,3,1,0,0,0,0,0,0,0,0,194,29,111,28,131,702,263,19,26,0,0,0,5,15,3,27,6,14,"Jarrod_Bowen_['W_e_s_t_', '_H_a_m_', '_U_n_i_t_e_d']"
246,2022_2023,West Ham United,Pablo Fornals,es ESP,"MF,FW",26,6,6,476.0,5.3,1.0,0.0,1.0,0.4,0.4,0.3,0.7,8,3,22.1,0,0,0,8,3,3,12,89,13,3,10,0,156,218,3058,965,15,13,0,0,1,1,0,0,0,0,0,0,0,0,270,51,93,9,185,792,340,14,18,0,0,0,4,6,0,35,4,14,"Pablo_Fornals_['W_e_s_t_', '_H_a_m_', '_U_n_i_t_e_d']"
247,2022_2023,West Ham United,Vladimír Coufal,cz CZE,DF,30,6,5,502.0,5.6,0.0,0.0,0.0,0.1,0.1,0.3,0.4,2,0,24.7,0,0,0,6,2,2,7,52,8,7,14,0,168,265,3281,1819,8,5,2,0,0,1,0,1,0,1,0,0,0,0,320,92,108,3,154,815,503,15,6,0,0,0,5,2,0,33,6,6,"Vladimír_Coufal_['W_e_s_t_', '_H_a_m_', '_U_n_i_t_e_d']"
248,2022_2023,West Ham United,Aaron Cresswell,eng ENG,DF,32,5,5,431.0,4.8,0.0,0.0,0.0,0.2,0.2,0.6,0.8,3,0,20.7,2,0,0,2,1,1,3,27,9,7,6,0,214,262,3770,1893,11,7,4,0,0,0,0,0,0,0,0,0,0,0,298,104,73,3,169,694,373,14,3,1,0,0,4,2,0,40,6,1,"Aaron_Cresswell_['W_e_s_t_', '_H_a_m_', '_U_n_i_t_e_d']"
249,2022_2023,West Ham United,Michail Antonio,jm JAM,FW,32,6,5,385.0,4.3,1.0,1.0,1.0,0.8,0.8,0.2,0.9,6,1,9.3,0,0,0,3,3,0,1,68,24,4,2,0,33,56,530,84,5,4,0,0,0,1,0,1,1,0,0,0,0,0,107,12,55,15,69,332,195,10,19,1,0,0,7,9,4,13,8,20,"Michail_Antonio_['W_e_s_t_', '_H_a_m_', '_U_n_i_t_e_d']"
250,2022_2023,West Ham United,Thilo Kehrer,de GER,DF,25,4,4,360.0,4.0,0.0,0.0,0.0,0.0,0.0,0.0,0.0,0,0,,0,0,0,1,1,0,1,38,16,3,5,0,163,188,3540,962,1,1,0,0,0,0,0,0,0,0,0,0,0,0,215,123,6,0,130,777,345,10,0,2,0,0,5,4,0,37,3,5,"Thilo_Kehrer_['W_e_s_t_', '_H_a_m_', '_U_n_i_t_e_d']"
251,2022_2023,West Ham United,Saïd Benrahma,dz ALG,"FW,MF",27,6,3,326.0,3.6,0.0,0.0,0.0,0.3,0.3,1.0,1.3,9,3,21.8,1,0,0,1,1,0,0,43,13,4,0,0,93,116,1557,269,17,12,0,1,2,2,0,0,0,0,0,0,0,0,149,29,82,12,125,802,528,30,30,0,0,0,3,3,3,19,0,2,"Saïd_Benrahma_['W_e_s_t_', '_H_a_m_', '_U_n_i_t_e_d']"
252,2022_2023,West Ham United,Ben Johnson,eng ENG,DF,22,4,3,218.0,2.4,0.0,0.0,0.0,0.0,0.0,0.1,0.1,0,0,,0,0,0,2,1,0,0,19,6,8,4,0,71,91,1619,636,2,2,0,0,0,0,0,0,0,0,0,0,0,0,118,65,10,0,62,346,154,4,0,0,0,0,0,0,0,19,2,2,"Ben_Johnson_['W_e_s_t_', '_H_a_m_', '_U_n_i_t_e_d']"
253,2022_2023,West Ham United,Emerson Palmieri,it ITA,DF,28,3,2,141.0,1.6,0.0,0.0,0.0,0.0,0.0,0.0,0.0,0,0,,0,0,0,1,1,1,1,9,1,0,2,0,51,70,833,222,1,1,0,0,0,0,0,0,0,0,0,0,0,0,78,23,21,3,43,261,188,8,3,1,0,0,3,0,0,13,1,1,"Emerson_Palmieri_['W_e_s_t_', '_H_a_m_', '_U_n_i_t_e_d']"
254,2022_2023,West Ham United,Gianluca Scamacca,it ITA,FW,23,4,1,150.0,1.7,0.0,0.0,0.0,0.1,0.1,0.1,0.2,2,1,19.7,0,0,0,0,0,0,0,18,3,0,1,0,22,32,396,48,3,3,0,0,0,0,0,0,0,0,0,0,0,0,44,2,17,7,27,123,37,4,8,0,0,0,3,4,1,5,6,4,"Gianluca_Scamacca_['W_e_s_t_', '_H_a_m_', '_U_n_i_t_e_d']"
255,2022_2023,West Ham United,Lucas Paquetá,br BRA,"MF,FW",25,2,1,106.0,1.2,0.0,0.0,0.0,0.1,0.1,0.0,0.1,1,1,6.0,0,0,0,3,2,1,2,28,12,4,3,0,27,34,425,131,2,1,0,0,1,0,0,1,0,0,0,1,0,0,56,18,12,2,34,115,50,0,4,1,0,0,4,3,0,6,2,1,"Lucas_Paquetá_['W_e_s_t_', '_H_a_m_', '_U_n_i_t_e_d']"
256,2022_2023,West Ham United,Manuel Lanzini,ar ARG,"MF,FW",29,3,1,95.0,1.1,0.0,0.0,0.0,0.1,0.1,0.0,0.1,2,0,28.0,0,0,0,0,0,0,1,19,1,1,1,0,44,55,720,129,1,0,0,0,1,0,0,0,0,0,0,0,0,0,59,12,18,0,44,288,169,10,3,0,0,0,1,0,1,6,0,1,"Manuel_Lanzini_['W_e_s_t_', '_H_a_m_', '_U_n_i_t_e_d']"
257,2022_2023,Nottingham Forest,Scott McKenna,sct SCO,DF,25,6,6,540.0,6.0,0.0,0.0,0.0,0.0,0.0,0.2,0.2,0,0,,0,0,0,7,5,1,2,52,14,15,3,1,190,249,4079,1241,3,3,0,0,0,0,0,0,0,0,0,0,0,0,307,131,23,6,167,678,357,14,0,3,0,0,5,2,0,51,17,10,"Scott_McKenna_['N_o_t_t_i_n_g_h_a_m_', '_F_o_r_e_s_t']"
258,2022_2023,Nottingham Forest,Neco Williams,wls WAL,DF,21,6,6,540.0,6.0,0.0,0.0,0.0,0.5,0.5,0.9,1.4,13,3,21.0,2,0,0,24,11,4,14,83,25,19,13,0,202,294,4105,1399,18,11,3,2,1,0,1,1,0,0,0,1,0,0,399,138,125,17,233,1299,816,33,9,2,0,0,7,5,0,63,6,10,"Neco_Williams_['N_o_t_t_i_n_g_h_a_m_', '_F_o_r_e_s_t']"
259,2022_2023,Nottingham Forest,Joe Worrall,eng ENG,DF,25,6,6,540.0,6.0,0.0,0.0,0.0,0.2,0.2,0.0,0.2,1,0,13.0,0,0,0,12,7,4,5,51,12,12,6,1,279,330,6438,1925,1,1,0,0,0,0,0,0,0,0,0,0,0,0,382,193,22,4,223,851,414,18,0,3,0,0,11,1,0,60,14,5,"Joe_Worrall_['N_o_t_t_i_n_g_h_a_m_', '_F_o_r_e_s_t']"
260,2022_2023,Nottingham Forest,Brennan Johnson,wls WAL,"FW,MF",21,6,6,500.0,5.6,2.0,0.0,1.0,1.4,0.7,0.1,0.7,9,2,17.4,0,1,1,3,3,1,1,56,12,6,4,0,52,92,804,124,4,2,0,0,1,0,1,0,0,0,0,0,0,0,142,6,93,27,100,529,360,22,30,2,0,0,6,3,5,21,2,15,"Brennan_Johnson_['N_o_t_t_i_n_g_h_a_m_', '_F_o_r_e_s_t']"
261,2022_2023,Nottingham Forest,Lewis O'Brien,eng ENG,MF,23,5,5,418.0,4.6,0.0,0.0,0.0,0.1,0.1,0.2,0.3,4,1,26.3,0,0,0,15,10,3,9,96,19,7,7,0,118,151,2338,398,14,10,0,1,0,2,1,0,0,0,0,0,0,0,203,47,47,1,145,804,503,20,2,2,0,0,4,9,0,45,3,4,"Lewis_O'Brien_['N_o_t_t_i_n_g_h_a_m_', '_F_o_r_e_s_t']"
262,2022_2023,Nottingham Forest,Jesse Lingard,eng ENG,"MF,FW",29,5,5,397.0,4.4,0.0,0.0,0.0,0.3,0.3,0.4,0.7,5,1,19.2,0,0,0,1,0,0,1,53,7,1,3,0,120,141,1937,557,14,10,0,1,2,0,1,1,0,0,0,1,0,0,174,20,70,8,122,611,412,24,18,0,0,0,4,4,0,21,0,6,"Jesse_Lingard_['N_o_t_t_i_n_g_h_a_m_', '_F_o_r_e_s_t']"
263,2022_2023,Nottingham Forest,Harry Toffolo,eng ENG,DF,27,5,4,382.0,4.2,0.0,0.0,0.0,0.1,0.1,0.4,0.6,2,0,13.5,0,0,0,6,3,0,4,30,6,12,9,0,125,181,2072,984,12,11,1,0,0,0,0,0,0,0,0,0,0,0,224,66,89,6,134,541,269,10,5,0,0,0,1,5,0,34,8,9,"Harry_Toffolo_['N_o_t_t_i_n_g_h_a_m_', '_F_o_r_e_s_t']"
264,2022_2023,Nottingham Forest,Ryan Yates,eng ENG,MF,24,4,3,268.0,3.0,0.0,0.0,0.0,0.6,0.6,0.1,0.7,8,1,16.5,0,0,0,5,3,2,3,46,13,6,2,0,105,121,2054,332,6,3,0,0,2,1,0,1,0,0,0,1,0,0,152,29,34,10,88,364,158,5,6,0,0,0,6,7,0,38,6,4,"Ryan_Yates_['N_o_t_t_i_n_g_h_a_m_', '_F_o_r_e_s_t']"
265,2022_2023,Nottingham Forest,Morgan Gibbs-White,eng ENG,"MF,FW",22,4,3,267.0,3.0,0.0,1.0,0.0,0.2,0.2,0.3,0.4,3,1,21.7,0,0,0,3,1,1,1,50,10,2,3,0,88,125,1563,521,8,6,2,0,0,0,0,1,0,1,0,0,0,0,156,12,93,10,114,451,245,14,29,0,0,0,2,3,0,12,2,9,"Morgan_Gibbs-White_['N_o_t_t_i_n_g_h_a_m_', '_F_o_r_e_s_t']"
266,2022_2023,Nottingham Forest,Steve Cook,eng ENG,DF,31,4,3,266.0,3.0,0.0,0.0,0.0,0.0,0.0,0.1,0.1,0,0,,0,0,0,5,1,4,5,16,5,3,2,0,132,148,3194,797,1,1,0,0,0,0,0,0,0,0,0,0,0,0,179,82,5,2,109,397,159,3,0,1,0,0,1,1,0,23,15,1,"Steve_Cook_['N_o_t_t_i_n_g_h_a_m_', '_F_o_r_e_s_t']"
267,2022_2023,Nottingham Forest,Taiwo Awoniyi,ng NGA,FW,25,6,2,232.0,2.6,1.0,0.0,1.0,0.9,0.9,0.1,1.0,6,2,9.8,0,0,0,3,2,1,2,31,11,0,1,0,48,61,608,32,7,4,0,1,0,2,0,0,0,0,0,0,0,0,94,8,51,14,69,366,224,13,20,0,0,0,6,6,3,15,2,11,"Taiwo_Awoniyi_['N_o_t_t_i_n_g_h_a_m_', '_F_o_r_e_s_t']"
268,2022_2023,Nottingham Forest,Cheikhou Kouyaté,sn SEN,"MF,DF",32,4,2,176.0,2.0,1.0,0.0,1.0,0.1,0.1,0.0,0.1,1,1,6.0,0,0,0,3,1,1,2,27,5,8,3,0,71,80,1565,235,1,1,0,0,0,0,0,0,0,0,0,0,0,0,105,34,15,2,56,273,82,2,1,1,0,0,6,0,0,11,4,2,"Cheikhou_Kouyaté_['N_o_t_t_i_n_g_h_a_m_', '_F_o_r_e_s_t']"
269,2022_2023,Nottingham Forest,Moussa Niakhate,fr FRA,DF,26,2,2,160.0,1.8,0.0,0.0,0.0,0.5,0.5,0.0,0.5,3,2,7.1,0,0,0,1,1,0,1,18,4,2,0,0,38,47,770,200,0,0,0,0,0,0,0,0,0,0,0,0,0,0,77,57,3,3,29,127,34,1,0,0,0,0,3,0,0,20,13,3,"Moussa_Niakhate_['N_o_t_t_i_n_g_h_a_m_', '_F_o_r_e_s_t']"
270,2022_2023,Nottingham Forest,Renan Lodi,br BRA,DF,24,2,2,158.0,1.8,0.0,0.0,0.0,0.1,0.1,0.0,0.1,2,0,8.3,0,0,0,2,0,1,3,24,6,6,7,0,42,60,793,163,3,1,1,0,1,0,0,1,0,0,0,1,0,0,87,26,40,5,41,282,136,4,3,1,0,0,3,4,0,14,4,3,"Renan_Lodi_['N_o_t_t_i_n_g_h_a_m_', '_F_o_r_e_s_t']"
271,2022_2023,Nottingham Forest,Orel Mangala,be BEL,MF,24,3,2,153.0,1.7,0.0,0.0,0.0,0.1,0.1,0.0,0.1,2,1,20.3,0,0,0,4,3,2,5,24,7,1,3,0,58,72,1050,176,2,2,0,0,0,0,0,0,0,0,0,0,0,0,83,13,19,1,62,300,158,7,2,0,0,0,2,1,0,17,3,2,"Orel_Mangala_['N_o_t_t_i_n_g_h_a_m_', '_F_o_r_e_s_t']"
272,2022_2023,Nottingham Forest,Jack Colback,eng ENG,MF,32,3,1,127.0,1.4,0.0,0.0,0.0,0.0,0.0,0.1,0.1,0,0,,0,0,0,6,5,1,1,36,9,0,1,0,35,39,612,149,1,1,0,0,0,0,0,0,0,0,0,0,0,0,53,21,6,0,37,195,92,4,1,0,0,0,3,1,0,12,2,0,"Jack_Colback_['N_o_t_t_i_n_g_h_a_m_', '_F_o_r_e_s_t']"
273,2022_2023,Nottingham Forest,Remo Freuler,ch SUI,MF,30,2,1,106.0,1.2,0.0,0.0,0.0,0.1,0.1,0.0,0.1,2,0,21.0,0,0,0,1,0,1,3,12,1,2,3,0,35,37,543,147,1,0,0,0,1,0,0,0,0,0,0,0,0,0,46,14,7,2,33,123,74,4,1,0,0,0,0,2,0,4,0,1,"Remo_Freuler_['N_o_t_t_i_n_g_h_a_m_', '_F_o_r_e_s_t']"
274,2022_2023,Leicester City,Jonny Evans,nir NIR,DF,34,5,5,450.0,5.0,0.0,0.0,0.0,0.0,0.0,0.0,0.0,0,0,,0,0,0,3,2,0,2,16,5,8,9,0,336,370,7188,2249,2,2,0,0,0,0,0,0,0,0,0,0,0,0,407,220,4,1,282,965,509,6,0,0,0,0,2,3,0,59,15,7,"Jonny_Evans_['L_e_i_c_e_s_t_e_r_', '_C_i_t_y']"
275,2022_2023,Leicester City,James Justin,eng ENG,DF,24,5,5,450.0,5.0,0.0,0.0,0.0,0.1,0.1,0.2,0.3,2,0,22.9,0,0,0,6,3,1,5,66,15,19,6,0,223,286,3880,1096,6,6,0,0,0,0,0,0,0,0,0,0,0,0,347,103,91,4,198,639,338,18,13,0,0,0,3,12,2,50,15,15,"James_Justin_['L_e_i_c_e_s_t_e_r_', '_C_i_t_y']"
276,2022_2023,Leicester City,Kiernan Dewsbury-Hall,eng ENG,"MF,FW",23,5,5,432.0,4.8,1.0,0.0,1.0,0.2,0.2,0.4,0.5,5,2,24.5,0,0,0,10,3,3,8,69,22,6,6,0,175,231,3325,842,13,9,0,1,1,2,0,0,0,0,0,0,0,0,295,56,97,4,211,1202,609,32,12,1,0,0,4,7,0,31,8,5,"Kiernan_Dewsbury-Hall_['L_e_i_c_e_s_t_e_r_', '_C_i_t_y']"
277,2022_2023,Leicester City,Jamie Vardy,eng ENG,FW,35,5,5,399.0,4.4,0.0,2.0,0.0,0.9,0.9,0.4,1.3,5,1,15.0,0,0,0,3,1,1,1,61,23,2,0,1,37,51,555,58,4,4,0,0,0,0,0,2,2,0,0,0,0,0,87,11,43,16,41,142,80,5,29,0,0,0,4,1,2,10,10,14,"Jamie_Vardy_['L_e_i_c_e_s_t_e_r_', '_C_i_t_y']"
278,2022_2023,Leicester City,Wilfred Ndidi,ng NGA,"MF,DF",25,5,4,362.0,4.0,0.0,0.0,0.0,0.0,0.0,0.0,0.0,0,0,,0,0,0,9,5,3,6,59,19,4,10,0,232,264,3676,805,2,2,0,0,0,0,0,0,0,0,0,0,0,0,295,105,24,2,207,936,415,10,2,0,0,0,4,1,0,51,6,5,"Wilfred_Ndidi_['L_e_i_c_e_s_t_e_r_', '_C_i_t_y']"
279,2022_2023,Leicester City,Timothy Castagne,be BEL,DF,26,4,4,360.0,4.0,1.0,0.0,1.0,0.4,0.4,0.1,0.4,3,2,6.9,0,0,0,4,2,1,1,31,7,5,5,0,211,249,3147,998,5,5,0,0,0,0,0,0,0,0,0,0,0,0,293,81,111,9,185,682,384,29,14,0,0,0,2,2,1,25,9,11,"Timothy_Castagne_['L_e_i_c_e_s_t_e_r_', '_C_i_t_y']"
280,2022_2023,Leicester City,James Maddison,eng ENG,MF,25,4,4,360.0,4.0,2.0,1.0,2.0,0.7,0.7,0.3,1.0,13,4,20.6,3,0,0,2,1,1,5,55,14,3,2,0,162,210,3097,811,15,9,3,1,0,2,0,2,1,1,0,0,0,0,251,25,110,16,199,903,359,21,27,2,0,0,6,13,0,13,2,3,"James_Maddison_['L_e_i_c_e_s_t_e_r_', '_C_i_t_y']"
281,2022_2023,Leicester City,Youri Tielemans,be BEL,MF,25,5,4,341.0,3.8,0.0,0.0,0.0,0.2,0.2,1.1,1.2,6,2,25.2,0,0,0,8,7,3,6,34,12,6,1,0,216,259,3809,1308,13,12,0,0,1,0,0,0,0,0,0,0,0,0,298,59,76,2,222,780,468,22,15,0,0,0,4,6,0,39,6,4,"Youri_Tielemans_['L_e_i_c_e_s_t_e_r_', '_C_i_t_y']"
282,2022_2023,Leicester City,Daniel Amartey,gh GHA,DF,27,4,4,332.0,3.7,0.0,0.0,0.0,0.0,0.0,0.1,0.1,1,0,38.2,0,0,0,7,3,3,3,18,6,5,4,0,271,294,5353,1865,5,5,0,0,0,0,0,1,1,0,0,0,0,0,326,125,27,4,222,1084,707,22,2,0,0,0,0,3,0,46,11,4,"Daniel_Amartey_['L_e_i_c_e_s_t_e_r_', '_C_i_t_y']"
283,2022_2023,Leicester City,Harvey Barnes,eng ENG,"MF,FW",24,3,3,255.0,2.8,1.0,0.0,1.0,0.6,0.6,0.0,0.6,8,3,16.7,0,0,0,0,0,0,1,30,6,2,1,0,60,84,814,262,2,2,0,0,0,0,0,1,1,0,0,0,0,0,125,18,71,10,100,559,394,23,18,0,0,0,2,8,0,9,4,8,"Harvey_Barnes_['L_e_i_c_e_s_t_e_r_', '_C_i_t_y']"
284,2022_2023,Leicester City,Wesley Fofana,fr FRA,DF,21,2,2,180.0,2.0,0.0,0.0,0.0,0.4,0.4,0.0,0.4,2,1,11.7,0,0,0,5,5,0,1,27,11,3,6,0,116,132,2215,645,2,1,0,0,0,0,1,0,0,0,0,0,0,0,162,71,8,3,110,654,344,12,1,1,0,0,2,3,1,14,6,5,"Wesley_Fofana_['L_e_i_c_e_s_t_e_r_', '_C_i_t_y']"
285,2022_2023,Leicester City,Boubakary Soumaré,fr FRA,MF,23,2,2,144.0,1.6,0.0,0.0,0.0,0.0,0.0,0.0,0.0,0,0,,0,0,0,6,3,3,5,22,7,2,2,0,75,84,1298,294,1,1,0,0,0,0,0,0,0,0,0,0,0,0,98,26,6,0,72,411,183,4,3,0,0,0,1,2,0,18,3,2,"Boubakary_Soumaré_['L_e_i_c_e_s_t_e_r_', '_C_i_t_y']"
286,2022_2023,Leicester City,Ayoze Pérez,es ESP,MF,29,2,1,100.0,1.1,0.0,0.0,0.0,0.1,0.1,0.4,0.5,2,0,13.9,0,0,0,3,2,0,2,16,6,2,1,0,34,43,495,142,3,2,0,0,0,1,0,1,0,0,0,0,1,0,66,11,33,7,54,150,94,6,17,0,0,0,3,3,0,9,0,1,"Ayoze_Pérez_['L_e_i_c_e_s_t_e_r_', '_C_i_t_y']"
287,2022_2023,Leicester City,Luke Thomas,eng ENG,DF,21,1,1,90.0,1.0,0.0,0.0,0.0,0.0,0.0,0.0,0.0,0,0,,0,0,0,1,0,1,2,18,5,3,3,0,59,71,1031,383,0,0,0,0,0,0,0,0,0,0,0,0,0,0,79,24,14,0,45,232,115,1,1,0,0,0,0,1,0,11,2,3,"Luke_Thomas_['L_e_i_c_e_s_t_e_r_', '_C_i_t_y']"
