,season,team,date,time,comp,gameweek,day,venue,result,gf,ga,opponent,xg,xga,poss,attendance,captain,formation,referee,sh,sot,dist,fk,pkscored,pkatt,tkl,tklw,tklvsdrb,attvsdrb,press,succ,blocks,inter,err,sota,saves,psxg,psxg_pm,pass_cmp,pass_att,pass_totdist,pass_prgdist,sca,sca_passlive,sca_passdead,sca_drib,sca_sh,sca_fld,sca_def,gca,gca_passlive,gca_passdead,gca_drib,gca_sh,gca_fld,gca_def,touches,touches_defthird,touches_attthird,touches_attpen,carries,carries_totdist,carries_prgdist,progcarries,progpassrec,crdy,crdr,twocrdy,fls,fld,off,recov,arlwon,arllost,match_id
0,2022_2023,Arsenal,2022-08-05,20:00,Premier League,Matchweek 1,Fri,Away,W,2.0,0.0,Crystal Palace,1.0,0.9,43.0,25286.0,Martin Ødegaard,4-2-3-1,Anthony Taylor,10.0,2.0,15.0,1.0,0,0,25.0,17.0,11.0,23.0,158.0,55.0,21.0,17.0,0.0,2.0,2.0,0.4,0.4,378.0,465.0,7410.0,2693.0,18.0,11.0,2.0,3.0,1.0,1.0,0.0,2.0,1.0,1.0,0.0,0.0,0.0,0.0,599.0,221.0,143.0,31.0,361.0,1895.0,982.0,36.0,35.0,2,0,0,12.0,19.0,2.0,86.0,15.0,15.0,Arsenal_Crystal Palace_Away_2022_2023
1,2022_2023,Arsenal,2022-08-13,15:00,Premier League,Matchweek 2,Sat,Home,W,4.0,2.0,Leicester City,2.6,0.6,51.0,60033.0,Martin Ødegaard,4-2-3-1,Darren England,19.0,7.0,12.6,0.0,0,0,7.0,5.0,2.0,7.0,101.0,30.0,15.0,14.0,0.0,2.0,1.0,0.1,-0.9,407.0,491.0,7268.0,2393.0,33.0,24.0,4.0,1.0,3.0,1.0,0.0,6.0,6.0,0.0,0.0,0.0,0.0,0.0,584.0,138.0,233.0,39.0,388.0,2194.0,1235.0,58.0,34.0,1,0,0,16.0,10.0,2.0,80.0,19.0,13.0,Arsenal_Leicester City_Home_2022_2023
2,2022_2023,Arsenal,2022-08-20,17:30,Premier League,Matchweek 3,Sat,Away,W,3.0,0.0,Bournemouth,1.8,0.3,59.0,10423.0,Martin Ødegaard,4-2-3-1,Craig Pawson,14.0,6.0,14.6,0.0,0,0,17.0,13.0,3.0,8.0,100.0,37.0,12.0,17.0,1.0,2.0,2.0,0.1,0.1,539.0,621.0,9905.0,2779.0,19.0,13.0,1.0,1.0,3.0,0.0,1.0,4.0,3.0,0.0,0.0,1.0,0.0,0.0,752.0,204.0,183.0,26.0,487.0,2079.0,1002.0,38.0,30.0,1,0,0,11.0,13.0,3.0,99.0,19.0,18.0,Arsenal_Bournemouth_Away_2022_2023
3,2022_2023,Arsenal,2022-08-27,17:30,Premier League,Matchweek 4,Sat,Home,W,2.0,1.0,Fulham,2.4,1.1,71.0,60164.0,Martin Ødegaard,4-2-3-1,Jarred Gillett,23.0,8.0,16.6,1.0,0,0,16.0,12.0,5.0,13.0,77.0,36.0,12.0,15.0,1.0,3.0,2.0,1.5,0.5,533.0,628.0,10676.0,3159.0,35.0,27.0,2.0,4.0,0.0,1.0,1.0,4.0,3.0,1.0,0.0,0.0,0.0,0.0,742.0,170.0,244.0,52.0,509.0,2721.0,1534.0,54.0,58.0,2,0,0,6.0,13.0,1.0,92.0,20.0,24.0,Arsenal_Fulham_Home_2022_2023
4,2022_2023,Arsenal,2022-08-31,19:30,Premier League,Matchweek 5,Wed,Home,W,2.0,1.0,Aston Villa,2.7,0.2,59.0,60012.0,Martin Ødegaard,4-2-3-1,Robert Jones,22.0,8.0,15.3,1.0,0,0,12.0,10.0,1.0,8.0,103.0,34.0,14.0,14.0,0.0,3.0,2.0,0.1,-0.9,449.0,544.0,8722.0,2925.0,32.0,23.0,4.0,0.0,3.0,2.0,0.0,2.0,2.0,0.0,0.0,0.0,0.0,0.0,662.0,190.0,210.0,44.0,470.0,2086.0,1194.0,49.0,45.0,2,0,0,12.0,19.0,1.0,93.0,14.0,12.0,Arsenal_Aston Villa_Home_2022_2023
5,2022_2023,Manchester City,2022-08-07,16:30,Premier League,Matchweek 1,Sun,Away,W,2.0,0.0,West Ham,2.3,0.4,75.0,62443.0,İlkay Gündoğan,4-3-3,Michael Oliver,13.0,1.0,18.2,1.0,1,1,5.0,4.0,2.0,4.0,71.0,24.0,8.0,6.0,0.0,1.0,1.0,0.1,0.1,793.0,869.0,13843.0,3874.0,27.0,22.0,1.0,1.0,1.0,2.0,0.0,4.0,3.0,0.0,0.0,0.0,1.0,0.0,938.0,241.0,230.0,32.0,794.0,4357.0,2179.0,88.0,51.0,1,0,0,5.0,10.0,1.0,68.0,16.0,13.0,Manchester City_West Ham_Away_2022_2023
6,2022_2023,Manchester City,2022-08-13,15:00,Premier League,Matchweek 2,Sat,Home,W,4.0,0.0,Bournemouth,1.6,0.1,67.0,53453.0,İlkay Gündoğan,4-3-3,David Coote,20.0,7.0,15.6,0.0,0,0,8.0,6.0,4.0,9.0,93.0,29.0,15.0,9.0,0.0,1.0,1.0,0.2,0.2,667.0,730.0,12941.0,3109.0,32.0,20.0,6.0,2.0,3.0,0.0,1.0,6.0,6.0,0.0,0.0,0.0,0.0,0.0,814.0,83.0,313.0,38.0,638.0,2448.0,1144.0,71.0,38.0,0,0,0,10.0,11.0,2.0,64.0,10.0,14.0,Manchester City_Bournemouth_Home_2022_2023
7,2022_2023,Manchester City,2022-08-21,16:30,Premier League,Matchweek 3,Sun,Away,D,3.0,3.0,Newcastle Utd,2.7,1.8,69.0,52258.0,İlkay Gündoğan,4-3-3,Jarred Gillett,22.0,10.0,15.1,1.0,0,0,15.0,11.0,4.0,9.0,85.0,34.0,10.0,15.0,0.0,5.0,2.0,2.8,-0.2,547.0,640.0,10884.0,3097.0,37.0,30.0,2.0,1.0,2.0,2.0,0.0,6.0,6.0,0.0,0.0,0.0,0.0,0.0,755.0,217.0,220.0,39.0,512.0,2595.0,1548.0,59.0,47.0,2,0,0,8.0,14.0,1.0,84.0,13.0,17.0,Manchester City_Newcastle Utd_Away_2022_2023
8,2022_2023,Manchester City,2022-08-27,15:00,Premier League,Matchweek 4,Sat,Home,W,4.0,2.0,Crystal Palace,2.5,0.1,75.0,53112.0,Kevin De Bruyne,4-2-3-1,Darren England,18.0,5.0,13.1,0.0,0,0,9.0,7.0,5.0,10.0,94.0,36.0,7.0,6.0,0.0,2.0,1.0,0.8,-0.2,734.0,819.0,14444.0,3494.0,30.0,24.0,1.0,3.0,2.0,0.0,0.0,7.0,6.0,0.0,0.0,1.0,0.0,0.0,893.0,121.0,342.0,49.0,724.0,3187.0,1835.0,91.0,57.0,1,0,0,14.0,12.0,2.0,81.0,20.0,8.0,Manchester City_Crystal Palace_Home_2022_2023
9,2022_2023,Manchester City,2022-08-31,19:30,Premier League,Matchweek 5,Wed,Home,W,6.0,0.0,Nott'ham Forest,3.7,0.4,74.0,53409.0,İlkay Gündoğan,4-4-2,Paul Tierney,17.0,9.0,14.1,0.0,0,0,14.0,10.0,2.0,5.0,78.0,26.0,5.0,4.0,0.0,1.0,1.0,0.1,0.1,740.0,820.0,14699.0,3627.0,27.0,17.0,4.0,1.0,3.0,1.0,1.0,7.0,5.0,1.0,0.0,1.0,0.0,0.0,901.0,161.0,259.0,37.0,670.0,3390.0,1858.0,85.0,47.0,0,0,0,9.0,6.0,2.0,80.0,15.0,11.0,Manchester City_Nott'ham Forest_Home_2022_2023
10,2022_2023,Manchester City,2022-09-03,17:30,Premier League,Matchweek 6,Sat,Away,D,1.0,1.0,Aston Villa,1.4,0.2,71.0,41830.0,İlkay Gündoğan,4-3-3,Simon Hooper,13.0,4.0,15.7,1.0,0,0,13.0,7.0,4.0,4.0,92.0,33.0,12.0,6.0,0.0,1.0,0.0,0.5,-0.5,686.0,789.0,13750.0,3612.0,20.0,15.0,2.0,1.0,1.0,1.0,0.0,2.0,2.0,0.0,0.0,0.0,0.0,0.0,869.0,240.0,207.0,38.0,586.0,3166.0,1551.0,57.0,43.0,0,0,0,6.0,10.0,3.0,92.0,26.0,16.0,Manchester City_Aston Villa_Away_2022_2023
11,2022_2023,Tottenham Hotspur,2022-08-06,15:00,Premier League,Matchweek 1,Sat,Home,W,4.0,1.0,Southampton,1.5,0.5,58.0,61732.0,Hugo Lloris,3-4-3,Andre Marriner,18.0,7.0,15.8,0.0,0,0,22.0,16.0,8.0,17.0,144.0,43.0,14.0,15.0,1.0,2.0,1.0,0.6,-0.4,497.0,583.0,9891.0,3039.0,28.0,25.0,1.0,0.0,0.0,0.0,2.0,5.0,5.0,0.0,0.0,0.0,0.0,0.0,708.0,238.0,184.0,34.0,524.0,2621.0,1335.0,56.0,37.0,3,0,0,12.0,10.0,2.0,76.0,23.0,13.0,Tottenham Hotspur_Southampton_Home_2022_2023
12,2022_2023,Tottenham Hotspur,2022-08-14,16:30,Premier League,Matchweek 2,Sun,Away,D,2.0,2.0,Chelsea,1.1,1.4,35.0,39946.0,Hugo Lloris,3-4-3,Anthony Taylor,10.0,5.0,12.6,0.0,0,0,23.0,10.0,10.0,27.0,140.0,27.0,17.0,22.0,0.0,3.0,1.0,1.1,-0.9,277.0,342.0,5794.0,1988.0,17.0,9.0,5.0,0.0,2.0,1.0,0.0,4.0,2.0,1.0,0.0,1.0,0.0,0.0,509.0,268.0,79.0,19.0,278.0,1237.0,694.0,18.0,19.0,0,0,0,14.0,8.0,1.0,59.0,21.0,14.0,Tottenham Hotspur_Chelsea_Away_2022_2023
13,2022_2023,Tottenham Hotspur,2022-08-20,12:30,Premier League,Matchweek 3,Sat,Home,W,1.0,0.0,Wolves,1.5,0.8,51.0,61298.0,Hugo Lloris,3-4-3,Simon Hooper,11.0,5.0,11.0,0.0,0,0,15.0,9.0,8.0,22.0,150.0,30.0,19.0,15.0,0.0,3.0,3.0,0.2,0.2,432.0,505.0,8794.0,2820.0,17.0,14.0,2.0,0.0,1.0,0.0,0.0,2.0,1.0,1.0,0.0,0.0,0.0,0.0,626.0,191.0,176.0,29.0,384.0,1908.0,1096.0,40.0,38.0,2,0,0,10.0,9.0,2.0,66.0,14.0,12.0,Tottenham Hotspur_Wolves_Home_2022_2023
14,2022_2023,Tottenham Hotspur,2022-08-28,16:30,Premier League,Matchweek 4,Sun,Away,W,2.0,0.0,Nott'ham Forest,2.7,1.0,45.0,29296.0,Hugo Lloris,3-4-3,Craig Pawson,18.0,4.0,19.0,0.0,0,1,12.0,6.0,8.0,14.0,146.0,39.0,14.0,23.0,0.0,1.0,1.0,0.0,0.0,388.0,480.0,7601.0,2696.0,28.0,23.0,0.0,3.0,2.0,0.0,0.0,3.0,3.0,0.0,0.0,0.0,0.0,0.0,618.0,293.0,103.0,25.0,394.0,1829.0,1176.0,34.0,18.0,1,0,0,15.0,10.0,3.0,93.0,23.0,20.0,Tottenham Hotspur_Nott'ham Forest_Away_2022_2023
15,2022_2023,Tottenham Hotspur,2022-08-31,19:45,Premier League,Matchweek 5,Wed,Away,D,1.0,1.0,West Ham,0.7,1.1,62.0,62450.0,Hugo Lloris,3-4-3,Peter Bankes,13.0,4.0,16.2,0.0,0,0,10.0,6.0,4.0,5.0,92.0,21.0,17.0,4.0,0.0,4.0,3.0,0.3,-0.7,584.0,665.0,10878.0,3077.0,18.0,15.0,0.0,2.0,0.0,0.0,1.0,0.0,0.0,0.0,0.0,0.0,0.0,0.0,762.0,309.0,120.0,24.0,506.0,2799.0,1548.0,53.0,32.0,5,0,0,11.0,8.0,0.0,70.0,14.0,18.0,Tottenham Hotspur_West Ham_Away_2022_2023
16,2022_2023,Tottenham Hotspur,2022-09-03,15:00,Premier League,Matchweek 6,Sat,Home,W,2.0,1.0,Fulham,2.5,0.6,52.0,61641.0,Hugo Lloris,3-4-3,Stuart Attwell,23.0,10.0,15.6,1.0,0,0,16.0,8.0,3.0,11.0,116.0,34.0,14.0,12.0,0.0,3.0,2.0,1.4,0.4,441.0,516.0,8443.0,2754.0,31.0,22.0,2.0,1.0,3.0,2.0,1.0,3.0,2.0,0.0,0.0,1.0,0.0,0.0,638.0,242.0,165.0,38.0,389.0,1942.0,1010.0,41.0,48.0,3,0,0,12.0,7.0,3.0,70.0,20.0,18.0,Tottenham Hotspur_Fulham_Home_2022_2023
17,2022_2023,Brighton and Hove Albion,2022-08-07,14:00,Premier League,Matchweek 1,Sun,Away,W,2.0,1.0,Manchester Utd,1.6,1.7,37.0,73711.0,Lewis Dunk,3-4-3,Paul Tierney,15.0,3.0,16.3,0.0,0,0,13.0,11.0,1.0,6.0,134.0,44.0,18.0,19.0,0.0,5.0,5.0,1.1,1.1,250.0,349.0,4858.0,2083.0,24.0,20.0,1.0,0.0,3.0,0.0,0.0,3.0,2.0,0.0,0.0,1.0,0.0,0.0,472.0,146.0,161.0,27.0,271.0,1047.0,493.0,24.0,26.0,1,0,0,14.0,8.0,1.0,74.0,13.0,15.0,Brighton and Hove Albion_Manchester Utd_Away_2022_2023
18,2022_2023,Brighton and Hove Albion,2022-08-13,15:00,Premier League,Matchweek 2,Sat,Home,D,0.0,0.0,Newcastle Utd,1.0,0.2,54.0,31552.0,Lewis Dunk,3-4-3,Graham Scott,13.0,6.0,16.6,0.0,0,0,22.0,14.0,10.0,18.0,86.0,34.0,6.0,15.0,0.0,0.0,0.0,0.0,0.0,310.0,414.0,6190.0,2366.0,21.0,17.0,1.0,2.0,0.0,0.0,1.0,0.0,0.0,0.0,0.0,0.0,0.0,0.0,526.0,150.0,184.0,30.0,346.0,1493.0,873.0,35.0,34.0,2,0,0,11.0,7.0,1.0,88.0,18.0,19.0,Brighton and Hove Albion_Newcastle Utd_Home_2022_2023
19,2022_2023,Brighton and Hove Albion,2022-08-21,14:00,Premier League,Matchweek 3,Sun,Away,W,2.0,0.0,West Ham,1.6,0.7,50.0,62449.0,Lewis Dunk,3-5-1-1,Anthony Taylor,10.0,1.0,18.2,0.0,1,1,11.0,4.0,2.0,6.0,123.0,34.0,24.0,14.0,0.0,3.0,3.0,1.2,1.2,414.0,508.0,7694.0,2764.0,17.0,14.0,1.0,0.0,0.0,2.0,0.0,4.0,2.0,0.0,0.0,0.0,2.0,0.0,617.0,197.0,170.0,26.0,372.0,1906.0,1046.0,43.0,32.0,0,0,0,9.0,11.0,1.0,77.0,10.0,24.0,Brighton and Hove Albion_West Ham_Away_2022_2023
20,2022_2023,Brighton and Hove Albion,2022-08-27,15:00,Premier League,Matchweek 4,Sat,Home,W,1.0,0.0,Leeds United,1.9,1.4,43.0,30953.0,Lewis Dunk,3-4-3,Michael Salisbury,13.0,4.0,13.6,0.0,0,0,12.0,7.0,2.0,11.0,157.0,40.0,19.0,16.0,0.0,2.0,2.0,0.3,0.3,265.0,377.0,6098.0,2396.0,23.0,15.0,5.0,2.0,0.0,1.0,0.0,2.0,2.0,0.0,0.0,0.0,0.0,0.0,498.0,163.0,148.0,28.0,260.0,1070.0,599.0,27.0,29.0,2,0,0,11.0,15.0,2.0,99.0,21.0,17.0,Brighton and Hove Albion_Leeds United_Home_2022_2023
21,2022_2023,Brighton and Hove Albion,2022-08-30,19:30,Premier League,Matchweek 5,Tue,Away,L,1.0,2.0,Fulham,1.7,1.4,60.0,22224.0,Lewis Dunk,3-5-2,Thomas Bramall,6.0,2.0,14.4,0.0,1,1,21.0,8.0,6.0,15.0,139.0,49.0,11.0,16.0,2.0,3.0,2.0,1.1,0.1,471.0,576.0,10321.0,2782.0,13.0,11.0,0.0,0.0,1.0,1.0,0.0,2.0,1.0,0.0,0.0,0.0,1.0,0.0,689.0,236.0,186.0,22.0,438.0,2381.0,1240.0,43.0,40.0,1,0,0,13.0,10.0,2.0,83.0,16.0,21.0,Brighton and Hove Albion_Fulham_Away_2022_2023
22,2022_2023,Chelsea,2022-08-06,17:30,Premier League,Matchweek 1,Sat,Away,W,1.0,0.0,Everton,1.6,0.5,62.0,39254.0,César Azpilicueta,3-4-3,Craig Pawson,14.0,5.0,16.2,1.0,1,1,23.0,14.0,5.0,17.0,130.0,38.0,17.0,8.0,0.0,3.0,3.0,0.4,0.4,513.0,604.0,9049.0,2924.0,24.0,16.0,4.0,0.0,0.0,4.0,0.0,2.0,1.0,0.0,0.0,0.0,1.0,0.0,737.0,216.0,257.0,29.0,457.0,1933.0,1183.0,48.0,47.0,2,0,0,13.0,15.0,2.0,87.0,22.0,13.0,Chelsea_Everton_Away_2022_2023
23,2022_2023,Chelsea,2022-08-14,16:30,Premier League,Matchweek 2,Sun,Home,D,2.0,2.0,Tottenham,1.4,1.1,65.0,39946.0,Jorginho,3-4-3,Anthony Taylor,16.0,3.0,16.7,0.0,0,0,31.0,20.0,10.0,15.0,116.0,50.0,20.0,8.0,0.0,5.0,3.0,1.6,-0.4,523.0,622.0,9656.0,2715.0,21.0,17.0,1.0,1.0,2.0,0.0,0.0,4.0,2.0,1.0,0.0,1.0,0.0,0.0,754.0,150.0,292.0,39.0,494.0,2024.0,998.0,59.0,37.0,3,0,0,9.0,14.0,2.0,98.0,14.0,21.0,Chelsea_Tottenham_Home_2022_2023
24,2022_2023,Chelsea,2022-08-21,14:00,Premier League,Matchweek 3,Sun,Away,L,0.0,3.0,Leeds United,0.7,1.9,61.0,36372.0,Jorginho,3-4-3,Stuart Attwell,14.0,3.0,18.8,0.0,0,0,17.0,8.0,5.0,17.0,132.0,39.0,15.0,21.0,1.0,6.0,3.0,2.2,-0.8,444.0,543.0,9061.0,2725.0,24.0,16.0,3.0,4.0,1.0,0.0,0.0,0.0,0.0,0.0,0.0,0.0,0.0,0.0,668.0,191.0,202.0,34.0,450.0,2061.0,1179.0,51.0,32.0,3,1,1,13.0,18.0,7.0,81.0,16.0,12.0,Chelsea_Leeds United_Away_2022_2023
25,2022_2023,Chelsea,2022-08-27,15:00,Premier League,Matchweek 4,Sat,Home,W,2.0,1.0,Leicester City,1.9,1.7,46.0,39953.0,Jorginho,4-4-2,Paul Tierney,7.0,3.0,13.7,0.0,0,0,16.0,11.0,4.0,6.0,130.0,44.0,19.0,10.0,0.0,5.0,4.0,0.6,-0.4,389.0,479.0,7819.0,2337.0,12.0,10.0,1.0,0.0,0.0,1.0,0.0,4.0,4.0,0.0,0.0,0.0,0.0,0.0,598.0,187.0,143.0,13.0,401.0,1593.0,847.0,32.0,38.0,3,1,1,10.0,8.0,3.0,68.0,20.0,23.0,Chelsea_Leicester City_Home_2022_2023
26,2022_2023,Chelsea,2022-08-30,19:45,Premier League,Matchweek 5,Tue,Away,L,1.0,2.0,Southampton,1.2,0.8,66.0,31542.0,César Azpilicueta,4-2-2-2,Michael Oliver,10.0,4.0,13.8,0.0,0,0,25.0,10.0,11.0,18.0,118.0,34.0,32.0,17.0,0.0,5.0,3.0,1.2,-0.8,491.0,602.0,9486.0,3038.0,14.0,13.0,0.0,1.0,0.0,0.0,0.0,0.0,0.0,0.0,0.0,0.0,0.0,0.0,776.0,241.0,213.0,32.0,462.0,2314.0,1216.0,53.0,43.0,1,0,0,10.0,19.0,3.0,105.0,22.0,18.0,Chelsea_Southampton_Away_2022_2023
27,2022_2023,Chelsea,2022-09-03,15:00,Premier League,Matchweek 6,Sat,Home,W,2.0,1.0,West Ham,0.8,0.8,68.0,39923.0,Thiago Silva,3-5-2,Andy Madley,8.0,3.0,16.3,0.0,0,0,17.0,12.0,5.0,12.0,118.0,45.0,10.0,7.0,1.0,3.0,2.0,1.0,0.0,588.0,688.0,11195.0,2738.0,12.0,10.0,1.0,0.0,1.0,0.0,0.0,4.0,4.0,0.0,0.0,0.0,0.0,0.0,783.0,155.0,250.0,19.0,579.0,2715.0,1387.0,70.0,46.0,4,0,0,8.0,13.0,1.0,97.0,13.0,13.0,Chelsea_West Ham_Home_2022_2023
28,2022_2023,Liverpool,2022-08-06,12:30,Premier League,Matchweek 1,Sat,Away,D,2.0,2.0,Fulham,1.9,1.4,67.0,22207.0,Jordan Henderson,4-3-3,Andy Madley,11.0,3.0,11.8,0.0,0,0,20.0,12.0,8.0,16.0,143.0,55.0,15.0,18.0,0.0,2.0,1.0,1.7,-0.3,520.0,665.0,10883.0,3260.0,17.0,15.0,1.0,1.0,0.0,0.0,0.0,3.0,3.0,0.0,0.0,0.0,0.0,0.0,794.0,290.0,199.0,41.0,496.0,1718.0,962.0,27.0,47.0,0,0,0,9.0,9.0,4.0,124.0,19.0,30.0,Liverpool_Fulham_Away_2022_2023
29,2022_2023,Liverpool,2022-08-15,20:00,Premier League,Matchweek 2,Mon,Home,D,1.0,1.0,Crystal Palace,1.7,1.5,72.0,52970.0,James Milner,4-3-3,Paul Tierney,24.0,4.0,17.1,0.0,0,0,22.0,18.0,5.0,14.0,133.0,68.0,11.0,12.0,0.0,3.0,2.0,1.0,0.0,681.0,798.0,14151.0,4630.0,42.0,36.0,2.0,3.0,1.0,0.0,0.0,2.0,1.0,0.0,1.0,0.0,0.0,0.0,922.0,169.0,263.0,55.0,640.0,3149.0,1530.0,60.0,63.0,2,1,0,9.0,8.0,3.0,119.0,20.0,16.0,Liverpool_Crystal Palace_Home_2022_2023
30,2022_2023,Liverpool,2022-08-22,20:00,Premier League,Matchweek 3,Mon,Away,L,1.0,2.0,Manchester Utd,1.5,1.7,70.0,74147.0,Jordan Henderson,4-3-3,Michael Oliver,17.0,5.0,14.5,0.0,0,0,13.0,6.0,6.0,19.0,83.0,33.0,14.0,7.0,0.0,5.0,3.0,2.3,0.3,561.0,672.0,11487.0,3824.0,21.0,11.0,4.0,3.0,3.0,0.0,0.0,1.0,0.0,0.0,0.0,1.0,0.0,0.0,788.0,240.0,221.0,48.0,570.0,2086.0,1116.0,47.0,44.0,1,0,0,7.0,11.0,2.0,108.0,18.0,19.0,Liverpool_Manchester Utd_Away_2022_2023
31,2022_2023,Liverpool,2022-08-27,15:00,Premier League,Matchweek 4,Sat,Home,W,9.0,0.0,Bournemouth,3.4,0.4,69.0,53328.0,Jordan Henderson,4-3-3,Stuart Attwell,19.0,12.0,10.8,0.0,0,0,14.0,6.0,7.0,15.0,105.0,44.0,15.0,9.0,0.0,2.0,2.0,0.1,0.1,619.0,720.0,12428.0,3550.0,32.0,23.0,5.0,2.0,2.0,0.0,0.0,14.0,10.0,2.0,0.0,2.0,0.0,0.0,825.0,147.0,293.0,50.0,576.0,2778.0,1527.0,67.0,55.0,0,0,0,7.0,12.0,3.0,113.0,22.0,13.0,Liverpool_Bournemouth_Home_2022_2023
32,2022_2023,Liverpool,2022-08-31,20:00,Premier League,Matchweek 5,Wed,Home,W,2.0,1.0,Newcastle Utd,1.5,0.8,71.0,53316.0,Jordan Henderson,4-3-3,Andre Marriner,23.0,6.0,17.4,0.0,0,0,8.0,7.0,5.0,10.0,93.0,32.0,7.0,12.0,0.0,2.0,1.0,0.3,-0.7,561.0,689.0,11683.0,3583.0,27.0,19.0,3.0,2.0,2.0,1.0,0.0,3.0,3.0,0.0,0.0,0.0,0.0,0.0,784.0,216.0,257.0,47.0,499.0,2672.0,1452.0,56.0,62.0,0,0,0,9.0,14.0,2.0,119.0,21.0,27.0,Liverpool_Newcastle Utd_Home_2022_2023
33,2022_2023,Liverpool,2022-09-03,12:30,Premier League,Matchweek 6,Sat,Away,D,0.0,0.0,Everton,2.2,1.1,60.0,39240.0,Virgil van Dijk,4-3-3,Anthony Taylor,24.0,9.0,12.3,0.0,0,0,18.0,13.0,5.0,17.0,123.0,34.0,14.0,13.0,1.0,4.0,4.0,0.6,0.6,414.0,513.0,9471.0,3110.0,33.0,20.0,5.0,0.0,6.0,1.0,1.0,0.0,0.0,0.0,0.0,0.0,0.0,0.0,652.0,187.0,201.0,49.0,373.0,1715.0,1031.0,42.0,38.0,2,0,0,13.0,7.0,2.0,85.0,18.0,23.0,Liverpool_Everton_Away_2022_2023
34,2022_2023,Brentford,2022-08-07,14:00,Premier League,Matchweek 1,Sun,Away,D,2.0,2.0,Leicester City,0.5,0.6,44.0,31794.0,Pontus Jansson,4-3-3,Jarred Gillett,8.0,3.0,16.2,0.0,0,0,15.0,8.0,8.0,14.0,154.0,37.0,13.0,13.0,0.0,5.0,3.0,1.3,-0.7,397.0,482.0,7925.0,2357.0,14.0,11.0,1.0,0.0,1.0,0.0,1.0,3.0,2.0,0.0,0.0,1.0,0.0,0.0,567.0,198.0,105.0,11.0,421.0,2163.0,1163.0,42.0,27.0,0,0,0,9.0,6.0,2.0,63.0,17.0,17.0,Brentford_Leicester City_Away_2022_2023
35,2022_2023,Brentford,2022-08-13,17:30,Premier League,Matchweek 2,Sat,Home,W,4.0,0.0,Manchester Utd,1.8,0.8,33.0,17051.0,Pontus Jansson,3-5-2,Stuart Attwell,13.0,7.0,17.7,1.0,0,0,9.0,7.0,2.0,9.0,122.0,25.0,16.0,23.0,0.0,4.0,4.0,0.4,0.4,183.0,286.0,3843.0,1692.0,15.0,7.0,2.0,2.0,1.0,1.0,2.0,6.0,4.0,1.0,0.0,0.0,0.0,1.0,389.0,137.0,139.0,20.0,189.0,728.0,305.0,9.0,16.0,0,0,0,8.0,16.0,1.0,69.0,14.0,21.0,Brentford_Manchester Utd_Home_2022_2023
36,2022_2023,Brentford,2022-08-20,15:00,Premier League,Matchweek 3,Sat,Away,L,2.0,3.0,Fulham,1.5,1.9,57.0,21798.0,Pontus Jansson,4-3-3,Peter Bankes,13.0,5.0,13.7,0.0,0,0,13.0,7.0,1.0,6.0,108.0,41.0,15.0,10.0,1.0,9.0,6.0,2.9,-0.1,341.0,463.0,7515.0,2701.0,15.0,10.0,4.0,1.0,0.0,0.0,0.0,4.0,3.0,1.0,0.0,0.0,0.0,0.0,561.0,250.0,132.0,25.0,285.0,1369.0,596.0,18.0,21.0,2,0,0,9.0,12.0,7.0,82.0,26.0,26.0,Brentford_Fulham_Away_2022_2023
37,2022_2023,Brentford,2022-08-27,15:00,Premier League,Matchweek 4,Sat,Home,D,1.0,1.0,Everton,2.8,1.5,58.0,17009.0,Christian Nørgaard,4-3-3,John Brooks,20.0,4.0,13.6,0.0,0,0,14.0,6.0,6.0,16.0,93.0,20.0,10.0,8.0,0.0,7.0,6.0,1.3,0.3,458.0,562.0,8854.0,2530.0,26.0,20.0,3.0,0.0,3.0,0.0,0.0,1.0,0.0,0.0,0.0,1.0,0.0,0.0,666.0,192.0,214.0,38.0,420.0,1958.0,1104.0,43.0,28.0,2,0,0,8.0,8.0,0.0,89.0,22.0,18.0,Brentford_Everton_Home_2022_2023
38,2022_2023,Brentford,2022-08-30,19:30,Premier League,Matchweek 5,Tue,Away,D,1.0,1.0,Crystal Palace,1.3,1.0,50.0,25043.0,Ivan Toney,4-3-3,Simon Hooper,9.0,3.0,10.0,0.0,0,0,18.0,13.0,4.0,10.0,140.0,43.0,15.0,14.0,0.0,4.0,3.0,0.3,-0.7,402.0,508.0,8557.0,2940.0,15.0,10.0,3.0,0.0,1.0,1.0,0.0,2.0,2.0,0.0,0.0,0.0,0.0,0.0,626.0,194.0,151.0,30.0,372.0,1557.0,849.0,35.0,30.0,2,0,0,10.0,12.0,0.0,102.0,16.0,18.0,Brentford_Crystal Palace_Away_2022_2023
39,2022_2023,Brentford,2022-09-03,15:00,Premier League,Matchweek 6,Sat,Home,W,5.0,2.0,Leeds United,2.4,2.0,33.0,,Pontus Jansson,4-3-3,Robert Jones,13.0,7.0,18.3,2.0,1,1,23.0,15.0,2.0,15.0,134.0,43.0,19.0,14.0,0.0,6.0,4.0,1.8,-0.2,163.0,252.0,3508.0,1582.0,20.0,8.0,1.0,3.0,2.0,4.0,2.0,6.0,2.0,0.0,1.0,0.0,2.0,1.0,388.0,155.0,78.0,16.0,176.0,823.0,486.0,19.0,17.0,2,0,0,12.0,12.0,1.0,85.0,22.0,11.0,Brentford_Leeds United_Home_2022_2023
40,2022_2023,Manchester United,2022-08-07,14:00,Premier League,Matchweek 1,Sun,Home,L,1.0,2.0,Brighton,1.7,1.6,63.0,73711.0,Harry Maguire,4-3-3,Paul Tierney,17.0,5.0,15.5,0.0,0,0,12.0,6.0,2.0,7.0,123.0,36.0,15.0,13.0,1.0,3.0,1.0,1.9,-0.1,469.0,584.0,9084.0,2945.0,29.0,23.0,3.0,0.0,3.0,0.0,0.0,0.0,0.0,0.0,0.0,0.0,0.0,0.0,689.0,227.0,210.0,34.0,474.0,2055.0,1216.0,49.0,45.0,4,0,0,8.0,14.0,3.0,97.0,15.0,13.0,Manchester United_Brighton_Home_2022_2023
41,2022_2023,Manchester United,2022-08-13,17:30,Premier League,Matchweek 2,Sat,Away,L,0.0,4.0,Brentford,0.8,1.8,67.0,17051.0,Harry Maguire,4-2-3-1,Stuart Attwell,15.0,4.0,19.4,0.0,0,0,12.0,11.0,4.0,10.0,93.0,28.0,16.0,8.0,1.0,7.0,3.0,3.2,-0.8,472.0,573.0,8843.0,2323.0,23.0,22.0,0.0,0.0,0.0,1.0,0.0,0.0,0.0,0.0,0.0,0.0,0.0,0.0,669.0,157.0,246.0,23.0,460.0,1781.0,933.0,46.0,36.0,4,0,0,16.0,8.0,2.0,82.0,21.0,14.0,Manchester United_Brentford_Away_2022_2023
42,2022_2023,Manchester United,2022-08-22,20:00,Premier League,Matchweek 3,Mon,Home,W,2.0,1.0,Liverpool,1.7,1.5,30.0,74147.0,Bruno Fernandes,4-2-3-1,Michael Oliver,13.0,5.0,19.6,2.0,0,0,24.0,14.0,5.0,19.0,110.0,37.0,18.0,15.0,0.0,5.0,4.0,0.9,-0.1,194.0,288.0,3657.0,1650.0,22.0,15.0,0.0,4.0,1.0,2.0,0.0,4.0,2.0,0.0,2.0,0.0,0.0,0.0,432.0,180.0,98.0,21.0,238.0,861.0,417.0,17.0,22.0,3,0,0,11.0,7.0,2.0,76.0,19.0,18.0,Manchester United_Liverpool_Home_2022_2023
43,2022_2023,Manchester United,2022-08-27,12:30,Premier League,Matchweek 4,Sat,Away,W,1.0,0.0,Southampton,1.1,1.6,51.0,31196.0,Bruno Fernandes,4-2-3-1,Andy Madley,11.0,4.0,15.2,1.0,0,0,14.0,4.0,7.0,21.0,111.0,31.0,11.0,15.0,0.0,5.0,5.0,0.7,0.7,331.0,441.0,6507.0,2185.0,18.0,9.0,2.0,1.0,5.0,1.0,0.0,2.0,2.0,0.0,0.0,0.0,0.0,0.0,569.0,233.0,130.0,24.0,302.0,1382.0,848.0,33.0,32.0,3,0,0,16.0,4.0,1.0,90.0,36.0,18.0,Manchester United_Southampton_Away_2022_2023
44,2022_2023,Manchester United,2022-09-01,20:00,Premier League,Matchweek 5,Thu,Away,W,1.0,0.0,Leicester City,1.1,0.6,47.0,32226.0,Bruno Fernandes,4-2-3-1,Craig Pawson,9.0,2.0,16.6,0.0,0,0,11.0,7.0,3.0,6.0,132.0,37.0,17.0,16.0,0.0,2.0,2.0,0.3,0.3,432.0,561.0,7839.0,2854.0,14.0,13.0,0.0,1.0,0.0,0.0,0.0,2.0,1.0,0.0,1.0,0.0,0.0,0.0,658.0,221.0,157.0,25.0,394.0,2010.0,993.0,41.0,37.0,3,0,0,15.0,7.0,2.0,109.0,21.0,21.0,Manchester United_Leicester City_Away_2022_2023
45,2022_2023,Leeds United,2022-08-06,15:00,Premier League,Matchweek 1,Sat,Home,W,2.0,1.0,Wolves,0.6,1.3,39.0,36347.0,Patrick Bamford,4-2-3-1,Robert Jones,12.0,4.0,18.6,1.0,0,0,22.0,14.0,12.0,37.0,188.0,64.0,15.0,14.0,0.0,6.0,5.0,0.7,-0.3,291.0,390.0,5453.0,2216.0,16.0,9.0,5.0,0.0,0.0,2.0,0.0,0.0,0.0,0.0,0.0,0.0,0.0,0.0,512.0,176.0,143.0,29.0,252.0,1337.0,770.0,33.0,35.0,2,0,0,17.0,15.0,0.0,88.0,12.0,10.0,Leeds United_Wolves_Home_2022_2023
46,2022_2023,Leeds United,2022-08-13,15:00,Premier League,Matchweek 2,Sat,Away,D,2.0,2.0,Southampton,2.1,1.0,57.0,30815.0,Patrick Bamford,4-2-3-1,Tony Harrington,13.0,5.0,11.7,0.0,0,0,23.0,12.0,8.0,24.0,153.0,46.0,22.0,7.0,0.0,4.0,2.0,1.4,-0.6,369.0,484.0,6403.0,2323.0,20.0,15.0,3.0,0.0,2.0,0.0,0.0,2.0,1.0,0.0,0.0,1.0,0.0,0.0,626.0,257.0,123.0,20.0,296.0,1036.0,518.0,22.0,31.0,3,0,0,13.0,9.0,1.0,106.0,23.0,21.0,Leeds United_Southampton_Away_2022_2023
47,2022_2023,Leeds United,2022-08-21,14:00,Premier League,Matchweek 3,Sun,Home,W,3.0,0.0,Chelsea,1.9,0.7,39.0,36372.0,Rodrigo,4-2-3-1,Stuart Attwell,12.0,6.0,16.9,0.0,0,0,19.0,10.0,12.0,24.0,167.0,34.0,28.0,13.0,0.0,3.0,3.0,0.5,0.5,253.0,354.0,4689.0,1719.0,14.0,7.0,2.0,2.0,1.0,1.0,1.0,4.0,0.0,1.0,0.0,1.0,1.0,1.0,477.0,190.0,124.0,15.0,245.0,1114.0,591.0,20.0,27.0,0,0,0,18.0,14.0,1.0,74.0,12.0,16.0,Leeds United_Chelsea_Home_2022_2023
48,2022_2023,Leeds United,2022-08-27,15:00,Premier League,Matchweek 4,Sat,Away,L,0.0,1.0,Brighton,1.4,1.9,57.0,30953.0,Rodrigo,4-2-3-1,Michael Salisbury,10.0,2.0,17.1,1.0,0,0,20.0,11.0,6.0,13.0,100.0,33.0,10.0,24.0,0.0,4.0,3.0,0.7,-0.3,380.0,499.0,7214.0,2503.0,17.0,13.0,1.0,0.0,1.0,2.0,0.0,0.0,0.0,0.0,0.0,0.0,0.0,0.0,616.0,245.0,124.0,16.0,348.0,1766.0,935.0,39.0,47.0,3,0,0,16.0,11.0,1.0,90.0,17.0,21.0,Leeds United_Brighton_Away_2022_2023
49,2022_2023,Leeds United,2022-08-30,20:00,Premier League,Matchweek 5,Tue,Home,D,1.0,1.0,Everton,1.5,0.9,68.0,36338.0,Rodrigo,4-2-3-1,Darren England,15.0,5.0,15.4,0.0,0,0,27.0,15.0,14.0,22.0,145.0,52.0,14.0,10.0,0.0,2.0,1.0,0.4,-0.6,575.0,701.0,10528.0,3082.0,24.0,19.0,4.0,0.0,1.0,0.0,0.0,2.0,2.0,0.0,0.0,0.0,0.0,0.0,843.0,187.0,263.0,30.0,532.0,2669.0,1425.0,64.0,59.0,3,0,0,10.0,12.0,2.0,120.0,32.0,20.0,Leeds United_Everton_Home_2022_2023
50,2022_2023,Leeds United,2022-09-03,15:00,Premier League,Matchweek 6,Sat,Away,L,2.0,5.0,Brentford,2.0,2.4,67.0,,Robin Koch,4-2-3-1,Robert Jones,17.0,6.0,19.9,1.0,0,0,20.0,13.0,5.0,18.0,149.0,73.0,11.0,11.0,2.0,7.0,3.0,4.9,-0.1,417.0,516.0,7129.0,2506.0,25.0,18.0,3.0,1.0,1.0,1.0,1.0,3.0,2.0,0.0,1.0,0.0,0.0,0.0,631.0,135.0,226.0,30.0,401.0,2002.0,995.0,53.0,42.0,2,0,0,12.0,12.0,1.0,95.0,11.0,22.0,Leeds United_Brentford_Away_2022_2023
51,2022_2023,Fulham,2022-08-06,12:30,Premier League,Matchweek 1,Sat,Home,D,2.0,2.0,Liverpool,1.4,1.9,33.0,22207.0,Tim Ream,4-2-3-1,Andy Madley,9.0,2.0,17.4,0.0,1,1,26.0,11.0,8.0,17.0,154.0,51.0,17.0,36.0,0.0,3.0,1.0,1.2,-0.8,204.0,329.0,4287.0,2150.0,15.0,9.0,1.0,1.0,1.0,2.0,1.0,4.0,3.0,0.0,0.0,0.0,1.0,0.0,475.0,165.0,133.0,18.0,217.0,907.0,534.0,22.0,24.0,2,0,0,9.0,8.0,4.0,97.0,30.0,19.0,Fulham_Liverpool_Home_2022_2023
52,2022_2023,Fulham,2022-08-13,15:00,Premier League,Matchweek 2,Sat,Away,D,0.0,0.0,Wolves,1.2,0.7,41.0,31178.0,Tim Ream,4-2-3-1,John Brooks,7.0,1.0,16.7,0.0,0,1,20.0,14.0,11.0,16.0,145.0,43.0,23.0,17.0,1.0,1.0,1.0,0.1,0.1,269.0,371.0,5471.0,1881.0,12.0,8.0,2.0,0.0,1.0,1.0,0.0,0.0,0.0,0.0,0.0,0.0,0.0,0.0,495.0,174.0,127.0,16.0,286.0,1652.0,920.0,35.0,12.0,3,0,0,17.0,7.0,0.0,85.0,17.0,18.0,Fulham_Wolves_Away_2022_2023
53,2022_2023,Fulham,2022-08-20,15:00,Premier League,Matchweek 3,Sat,Home,W,3.0,2.0,Brentford,1.9,1.5,43.0,21798.0,Tim Ream,4-2-3-1,Peter Bankes,18.0,9.0,14.8,1.0,0,0,13.0,9.0,1.0,6.0,145.0,41.0,10.0,23.0,2.0,5.0,3.0,2.0,0.0,246.0,354.0,5128.0,2333.0,29.0,15.0,5.0,0.0,5.0,2.0,2.0,5.0,2.0,1.0,0.0,2.0,0.0,0.0,475.0,168.0,135.0,33.0,233.0,1265.0,633.0,26.0,22.0,3,0,0,13.0,9.0,5.0,81.0,26.0,26.0,Fulham_Brentford_Home_2022_2023
54,2022_2023,Fulham,2022-08-27,17:30,Premier League,Matchweek 4,Sat,Away,L,1.0,2.0,Arsenal,1.1,2.4,29.0,60164.0,Tim Ream,4-2-3-1,Jarred Gillett,11.0,3.0,12.8,0.0,0,0,19.0,10.0,5.0,25.0,186.0,58.0,25.0,17.0,0.0,8.0,6.0,3.2,1.2,168.0,258.0,3425.0,1640.0,18.0,10.0,3.0,1.0,2.0,1.0,1.0,1.0,0.0,0.0,0.0,0.0,0.0,1.0,390.0,191.0,66.0,15.0,178.0,919.0,552.0,17.0,10.0,3,0,0,13.0,6.0,0.0,65.0,24.0,20.0,Fulham_Arsenal_Away_2022_2023
55,2022_2023,Fulham,2022-08-30,19:30,Premier League,Matchweek 5,Tue,Home,W,2.0,1.0,Brighton,1.4,1.7,40.0,22224.0,Tim Ream,4-2-3-1,Thomas Bramall,10.0,3.0,14.8,1.0,0,0,24.0,16.0,8.0,17.0,140.0,47.0,17.0,10.0,0.0,2.0,2.0,1.0,0.0,282.0,378.0,5850.0,2227.0,14.0,9.0,2.0,1.0,1.0,1.0,0.0,1.0,0.0,0.0,0.0,1.0,0.0,0.0,508.0,224.0,117.0,19.0,307.0,1459.0,811.0,23.0,21.0,2,0,0,10.0,13.0,0.0,86.0,21.0,16.0,Fulham_Brighton_Home_2022_2023
56,2022_2023,Fulham,2022-09-03,15:00,Premier League,Matchweek 6,Sat,Away,L,1.0,2.0,Tottenham,0.6,2.5,48.0,61641.0,Tim Ream,4-2-3-1,Stuart Attwell,9.0,3.0,16.8,0.0,0,0,20.0,10.0,7.0,16.0,133.0,25.0,22.0,10.0,0.0,10.0,8.0,3.3,1.3,396.0,481.0,7834.0,2111.0,12.0,11.0,0.0,1.0,0.0,0.0,0.0,2.0,1.0,0.0,1.0,0.0,0.0,0.0,595.0,176.0,179.0,10.0,404.0,1796.0,996.0,31.0,31.0,4,0,0,7.0,12.0,0.0,64.0,18.0,20.0,Fulham_Tottenham_Away_2022_2023
57,2022_2023,Newcastle United,2022-08-06,15:00,Premier League,Matchweek 1,Sat,Home,W,2.0,0.0,Nott'ham Forest,2.0,0.4,60.0,52245.0,Kieran Trippier,4-3-3,Simon Hooper,23.0,9.0,15.3,1.0,0,0,23.0,16.0,9.0,15.0,128.0,50.0,8.0,16.0,0.0,0.0,0.0,0.0,0.0,420.0,526.0,7751.0,3034.0,38.0,33.0,2.0,1.0,0.0,2.0,0.0,2.0,2.0,0.0,0.0,0.0,0.0,0.0,648.0,145.0,280.0,59.0,433.0,2406.0,1279.0,60.0,49.0,0,0,0,11.0,16.0,2.0,103.0,20.0,21.0,Newcastle United_Nott'ham Forest_Home_2022_2023
58,2022_2023,Newcastle United,2022-08-13,15:00,Premier League,Matchweek 2,Sat,Away,D,0.0,0.0,Brighton,0.2,1.0,46.0,31552.0,Kieran Trippier,4-3-3,Graham Scott,4.0,0.0,17.5,0.0,0,0,14.0,6.0,3.0,7.0,104.0,33.0,15.0,16.0,0.0,6.0,6.0,1.9,1.9,260.0,355.0,4910.0,1907.0,5.0,4.0,1.0,0.0,0.0,0.0,0.0,0.0,0.0,0.0,0.0,0.0,0.0,0.0,479.0,192.0,115.0,14.0,293.0,1296.0,656.0,26.0,26.0,3,0,0,7.0,10.0,4.0,78.0,19.0,18.0,Newcastle United_Brighton_Away_2022_2023
59,2022_2023,Newcastle United,2022-08-21,16:30,Premier League,Matchweek 3,Sun,Home,D,3.0,3.0,Manchester City,1.8,2.7,31.0,52258.0,Kieran Trippier,4-3-3,Jarred Gillett,12.0,5.0,14.4,1.0,0,0,12.0,5.0,3.0,13.0,148.0,25.0,16.0,19.0,1.0,10.0,6.0,3.1,0.1,200.0,285.0,4580.0,1915.0,22.0,14.0,2.0,3.0,0.0,1.0,2.0,4.0,2.0,0.0,1.0,0.0,1.0,0.0,405.0,165.0,112.0,26.0,206.0,1261.0,691.0,29.0,25.0,4,0,0,14.0,8.0,2.0,78.0,17.0,13.0,Newcastle United_Manchester City_Home_2022_2023
60,2022_2023,Newcastle United,2022-08-28,14:00,Premier League,Matchweek 4,Sun,Away,D,1.0,1.0,Wolves,2.0,0.8,62.0,31311.0,Kieran Trippier,4-3-3,Peter Bankes,22.0,5.0,16.8,1.0,0,0,16.0,8.0,7.0,10.0,125.0,39.0,18.0,10.0,0.0,4.0,3.0,0.9,-0.1,396.0,498.0,7963.0,2792.0,33.0,20.0,3.0,4.0,4.0,1.0,1.0,0.0,0.0,0.0,0.0,0.0,0.0,0.0,617.0,190.0,213.0,40.0,393.0,2298.0,1231.0,45.0,52.0,1,0,0,12.0,10.0,1.0,103.0,21.0,13.0,Newcastle United_Wolves_Away_2022_2023
61,2022_2023,Newcastle United,2022-08-31,20:00,Premier League,Matchweek 5,Wed,Away,L,1.0,2.0,Liverpool,0.8,1.5,29.0,53316.0,Jamaal Lascelles,4-3-3,Andre Marriner,5.0,2.0,16.7,1.0,0,0,22.0,11.0,8.0,24.0,138.0,28.0,23.0,16.0,0.0,6.0,4.0,2.0,0.0,183.0,279.0,4077.0,2030.0,8.0,5.0,1.0,0.0,0.0,2.0,0.0,1.0,1.0,0.0,0.0,0.0,0.0,0.0,417.0,198.0,85.0,4.0,182.0,1078.0,520.0,19.0,20.0,2,0,0,14.0,8.0,2.0,72.0,27.0,21.0,Newcastle United_Liverpool_Away_2022_2023
62,2022_2023,Newcastle United,2022-09-03,15:00,Premier League,Matchweek 6,Sat,Home,D,0.0,0.0,Crystal Palace,2.7,1.1,52.0,51863.0,Kieran Trippier,4-3-3,Michael Salisbury,23.0,5.0,12.3,1.0,0,0,18.0,14.0,9.0,20.0,142.0,43.0,12.0,21.0,0.0,9.0,9.0,1.0,1.0,326.0,425.0,6662.0,2429.0,27.0,15.0,6.0,1.0,3.0,2.0,0.0,0.0,0.0,0.0,0.0,0.0,0.0,0.0,564.0,159.0,226.0,56.0,322.0,1513.0,858.0,33.0,41.0,2,0,0,21.0,16.0,2.0,85.0,19.0,14.0,Newcastle United_Crystal Palace_Home_2022_2023
63,2022_2023,Southampton,2022-08-06,15:00,Premier League,Matchweek 1,Sat,Away,L,1.0,4.0,Tottenham,0.5,1.5,42.0,61732.0,James Ward-Prowse,3-5-2,Andre Marriner,10.0,2.0,16.4,0.0,0,0,12.0,8.0,4.0,10.0,129.0,48.0,14.0,20.0,0.0,7.0,4.0,2.0,-1.0,343.0,428.0,6030.0,1707.0,12.0,7.0,1.0,2.0,1.0,1.0,0.0,2.0,1.0,0.0,1.0,0.0,0.0,0.0,552.0,161.0,182.0,27.0,348.0,1800.0,679.0,32.0,24.0,0,0,0,10.0,12.0,0.0,85.0,13.0,23.0,Southampton_Tottenham_Away_2022_2023
64,2022_2023,Southampton,2022-08-13,15:00,Premier League,Matchweek 2,Sat,Home,D,2.0,2.0,Leeds United,1.0,2.1,43.0,30815.0,James Ward-Prowse,3-4-3,Tony Harrington,14.0,4.0,17.2,1.0,0,0,21.0,13.0,5.0,12.0,134.0,46.0,14.0,16.0,0.0,5.0,3.0,2.5,0.5,260.0,372.0,5374.0,1944.0,19.0,13.0,0.0,4.0,0.0,2.0,0.0,4.0,2.0,0.0,2.0,0.0,0.0,0.0,505.0,158.0,132.0,18.0,256.0,1431.0,756.0,28.0,24.0,1,0,0,11.0,12.0,1.0,108.0,21.0,23.0,Southampton_Leeds United_Home_2022_2023
65,2022_2023,Southampton,2022-08-20,15:00,Premier League,Matchweek 3,Sat,Away,W,2.0,1.0,Leicester City,0.7,0.3,38.0,30850.0,James Ward-Prowse,4-2-3-1,Michael Salisbury,9.0,3.0,14.6,0.0,0,0,26.0,17.0,6.0,17.0,94.0,39.0,12.0,13.0,0.0,1.0,0.0,0.1,-0.9,254.0,368.0,5446.0,1881.0,13.0,8.0,4.0,0.0,0.0,1.0,0.0,4.0,3.0,1.0,0.0,0.0,0.0,0.0,483.0,153.0,120.0,22.0,299.0,1405.0,732.0,29.0,20.0,3,0,0,16.0,12.0,1.0,101.0,17.0,25.0,Southampton_Leicester City_Away_2022_2023
66,2022_2023,Southampton,2022-08-27,12:30,Premier League,Matchweek 4,Sat,Home,L,0.0,1.0,Manchester Utd,1.6,1.1,49.0,31196.0,James Ward-Prowse,4-2-3-1,Andy Madley,18.0,5.0,13.4,0.0,0,0,16.0,10.0,4.0,14.0,137.0,59.0,17.0,21.0,0.0,4.0,3.0,0.9,-0.1,302.0,418.0,6174.0,2354.0,31.0,22.0,5.0,2.0,1.0,1.0,0.0,0.0,0.0,0.0,0.0,0.0,0.0,0.0,536.0,128.0,196.0,47.0,308.0,1672.0,928.0,44.0,33.0,0,0,0,5.0,16.0,1.0,94.0,18.0,36.0,Southampton_Manchester Utd_Home_2022_2023
67,2022_2023,Southampton,2022-08-30,19:45,Premier League,Matchweek 5,Tue,Home,W,2.0,1.0,Chelsea,0.8,1.2,34.0,31542.0,James Ward-Prowse,4-2-3-1,Michael Oliver,9.0,5.0,16.1,0.0,0,0,24.0,13.0,8.0,14.0,141.0,45.0,24.0,17.0,0.0,4.0,3.0,1.1,0.1,180.0,306.0,3498.0,1596.0,16.0,10.0,2.0,2.0,1.0,0.0,1.0,2.0,2.0,0.0,0.0,0.0,0.0,0.0,446.0,158.0,135.0,20.0,222.0,1093.0,524.0,17.0,14.0,2,0,0,19.0,9.0,0.0,101.0,18.0,22.0,Southampton_Chelsea_Home_2022_2023
68,2022_2023,Southampton,2022-09-03,15:00,Premier League,Matchweek 6,Sat,Away,L,0.0,1.0,Wolves,1.0,0.7,50.0,30546.0,James Ward-Prowse,4-2-3-1,John Brooks,12.0,1.0,15.8,1.0,0,0,20.0,14.0,8.0,18.0,134.0,40.0,16.0,15.0,0.0,2.0,1.0,0.0,-1.0,336.0,450.0,6756.0,2352.0,22.0,20.0,1.0,0.0,0.0,1.0,0.0,0.0,0.0,0.0,0.0,0.0,0.0,0.0,561.0,168.0,195.0,39.0,358.0,1879.0,1045.0,43.0,34.0,2,0,0,14.0,12.0,0.0,96.0,15.0,19.0,Southampton_Wolves_Away_2022_2023
69,2022_2023,Bournemouth,2022-08-06,15:00,Premier League,Matchweek 1,Sat,Home,W,2,0,Aston Villa,0.5,0.6,34.0,11013.0,Lloyd Kelly,3-4-3,Peter Bankes,7.0,3.0,14.5,0.0,0,0,19.0,10.0,8.0,19.0,158.0,42.0,21.0,14.0,0.0,2.0,2.0,0.4,0.4,230.0,323.0,4570.0,2026.0,9.0,5.0,1.0,1.0,1.0,1.0,0.0,2.0,1.0,0.0,0.0,1.0,0.0,0.0,461.0,227.0,83.0,12.0,210.0,1001.0,518.0,17.0,15.0,3,0,0,20.0,18.0,1.0,70.0,22.0,21.0,Bournemouth_Aston Villa_Home_2022_2023
70,2022_2023,Bournemouth,2022-08-13,15:00,Premier League,Matchweek 2,Sat,Away,L,0,4,Manchester City,0.1,1.6,33.0,53453.0,Lloyd Kelly,3-4-3,David Coote,3.0,1.0,19.5,0.0,0,0,9.0,6.0,4.0,13.0,110.0,20.0,13.0,6.0,0.0,7.0,4.0,3.2,0.2,282.0,352.0,5701.0,1889.0,4.0,4.0,0.0,0.0,0.0,0.0,0.0,0.0,0.0,0.0,0.0,0.0,0.0,0.0,429.0,268.0,37.0,6.0,258.0,970.0,429.0,15.0,8.0,3,0,0,11.0,10.0,1.0,44.0,14.0,10.0,Bournemouth_Manchester City_Away_2022_2023
71,2022_2023,Bournemouth,2022-08-20,17:30,Premier League,Matchweek 3,Sat,Home,L,0,3,Arsenal,0.3,1.8,41.0,10423.0,Lloyd Kelly,3-5-2,Craig Pawson,6.0,2.0,18.5,1.0,0,0,24.0,11.0,9.0,22.0,176.0,43.0,16.0,9.0,0.0,6.0,3.0,3.2,0.2,344.0,439.0,6650.0,2140.0,8.0,6.0,1.0,0.0,0.0,1.0,0.0,0.0,0.0,0.0,0.0,0.0,0.0,0.0,551.0,206.0,119.0,12.0,323.0,1502.0,641.0,18.0,13.0,2,0,0,14.0,11.0,1.0,73.0,18.0,19.0,Bournemouth_Arsenal_Home_2022_2023
72,2022_2023,Bournemouth,2022-08-27,15:00,Premier League,Matchweek 4,Sat,Away,L,0,9,Liverpool,0.4,3.4,31.0,53328.0,Adam Smith,4-2-3-1,Stuart Attwell,5.0,2.0,16.1,0.0,0,0,21.0,11.0,13.0,21.0,146.0,48.0,14.0,13.0,0.0,12.0,4.0,5.5,-2.5,219.0,320.0,4290.0,1876.0,10.0,6.0,2.0,1.0,0.0,1.0,0.0,0.0,0.0,0.0,0.0,0.0,0.0,0.0,423.0,194.0,57.0,10.0,186.0,824.0,380.0,13.0,13.0,1,0,0,12.0,7.0,0.0,65.0,13.0,22.0,Bournemouth_Liverpool_Away_2022_2023
73,2022_2023,Bournemouth,2022-08-31,19:30,Premier League,Matchweek 5,Wed,Home,D,0,0,Wolves,0.5,1.5,35.0,10113.0,Lloyd Kelly,4-4-2,Anthony Taylor,5.0,2.0,15.1,0.0,0,0,25.0,18.0,8.0,15.0,162.0,48.0,11.0,14.0,0.0,3.0,3.0,0.2,0.2,260.0,347.0,5284.0,2253.0,8.0,7.0,0.0,1.0,0.0,0.0,0.0,0.0,0.0,0.0,0.0,0.0,0.0,0.0,478.0,257.0,106.0,19.0,255.0,1540.0,901.0,29.0,19.0,2,0,0,12.0,13.0,0.0,67.0,12.0,20.0,Bournemouth_Wolves_Home_2022_2023
74,2022_2023,Bournemouth,2022-09-03,15:00,Premier League,Matchweek 6,Sat,Away,W,3,2,Nott'ham Forest,0.9,1.3,49.0,28720.0,Lloyd Kelly,4-2-3-1,Michael Oliver,8.0,3.0,16.5,0.0,0,0,11.0,7.0,2.0,11.0,141.0,39.0,15.0,10.0,1.0,2.0,1.0,1.3,-0.7,388.0,494.0,6878.0,2089.0,12.0,10.0,1.0,1.0,0.0,0.0,0.0,4.0,3.0,1.0,0.0,0.0,0.0,0.0,606.0,226.0,142.0,21.0,376.0,2158.0,1178.0,42.0,21.0,1,0,0,16.0,14.0,1.0,83.0,14.0,18.0,Bournemouth_Nott'ham Forest_Away_2022_2023
75,2022_2023,Wolverhampton Wanderers,2022-08-06,15:00,Premier League,Matchweek 1,Sat,Away,L,1.0,2.0,Leeds United,1.3,0.6,61.0,36347.0,Rúben Neves,4-2-3-1,Robert Jones,15.0,6.0,18.4,0.0,0,0,15.0,8.0,6.0,9.0,96.0,28.0,12.0,17.0,0.0,4.0,3.0,0.4,-0.6,507.0,601.0,10050.0,3045.0,24.0,17.0,2.0,4.0,1.0,0.0,0.0,2.0,2.0,0.0,0.0,0.0,0.0,0.0,728.0,284.0,180.0,27.0,511.0,2253.0,1148.0,36.0,34.0,0,0,0,16.0,17.0,1.0,87.0,10.0,12.0,Wolverhampton Wanderers_Leeds United_Away_2022_2023
76,2022_2023,Wolverhampton Wanderers,2022-08-13,15:00,Premier League,Matchweek 2,Sat,Home,D,0.0,0.0,Fulham,0.7,1.2,59.0,31178.0,Rúben Neves,4-2-3-1,John Brooks,7.0,1.0,19.0,1.0,0,0,17.0,10.0,7.0,14.0,90.0,41.0,12.0,14.0,0.0,1.0,1.0,0.9,0.9,425.0,545.0,8666.0,2509.0,6.0,5.0,0.0,0.0,0.0,1.0,0.0,0.0,0.0,0.0,0.0,0.0,0.0,0.0,656.0,255.0,127.0,13.0,390.0,2128.0,1101.0,32.0,22.0,3,0,0,7.0,17.0,1.0,103.0,18.0,17.0,Wolverhampton Wanderers_Fulham_Home_2022_2023
77,2022_2023,Wolverhampton Wanderers,2022-08-20,12:30,Premier League,Matchweek 3,Sat,Away,L,0.0,1.0,Tottenham,0.8,1.5,49.0,61298.0,Rúben Neves,3-5-2,Simon Hooper,20.0,3.0,20.6,1.0,0,0,16.0,7.0,5.0,20.0,120.0,31.0,14.0,13.0,0.0,5.0,3.0,1.6,0.6,412.0,493.0,8508.0,2139.0,35.0,24.0,3.0,1.0,4.0,2.0,1.0,0.0,0.0,0.0,0.0,0.0,0.0,0.0,607.0,202.0,194.0,21.0,427.0,2176.0,1224.0,56.0,27.0,2,0,0,9.0,10.0,0.0,74.0,12.0,14.0,Wolverhampton Wanderers_Tottenham_Away_2022_2023
78,2022_2023,Wolverhampton Wanderers,2022-08-28,14:00,Premier League,Matchweek 4,Sun,Home,D,1.0,1.0,Newcastle Utd,0.8,2.0,38.0,31311.0,Rúben Neves,4-1-4-1,Peter Bankes,10.0,4.0,19.2,1.0,0,0,22.0,13.0,9.0,18.0,128.0,37.0,23.0,16.0,1.0,5.0,4.0,0.7,-0.3,219.0,301.0,4709.0,1590.0,14.0,11.0,0.0,1.0,0.0,1.0,1.0,2.0,2.0,0.0,0.0,0.0,0.0,0.0,443.0,201.0,119.0,16.0,212.0,1439.0,938.0,29.0,23.0,2,0,0,10.0,12.0,3.0,72.0,13.0,21.0,Wolverhampton Wanderers_Newcastle Utd_Home_2022_2023
79,2022_2023,Wolverhampton Wanderers,2022-08-31,19:30,Premier League,Matchweek 5,Wed,Away,D,0.0,0.0,Bournemouth,1.5,0.5,65.0,10113.0,Rúben Neves,4-3-3,Anthony Taylor,17.0,3.0,17.4,1.0,0,0,21.0,13.0,7.0,15.0,108.0,42.0,10.0,11.0,0.0,2.0,2.0,0.4,0.4,570.0,644.0,11838.0,3317.0,29.0,23.0,3.0,1.0,0.0,2.0,0.0,0.0,0.0,0.0,0.0,0.0,0.0,0.0,769.0,203.0,298.0,30.0,519.0,3084.0,1749.0,69.0,59.0,1,0,0,13.0,10.0,3.0,86.0,20.0,12.0,Wolverhampton Wanderers_Bournemouth_Away_2022_2023
80,2022_2023,Wolverhampton Wanderers,2022-09-03,15:00,Premier League,Matchweek 6,Sat,Home,W,1.0,0.0,Southampton,0.7,1.0,50.0,30546.0,Rúben Neves,4-2-3-1,John Brooks,7.0,2.0,13.2,0.0,0,0,15.0,8.0,4.0,16.0,111.0,36.0,29.0,14.0,0.0,1.0,1.0,0.2,0.2,365.0,455.0,7788.0,2560.0,14.0,13.0,1.0,0.0,0.0,0.0,0.0,2.0,2.0,0.0,0.0,0.0,0.0,0.0,602.0,233.0,163.0,27.0,346.0,1930.0,1103.0,41.0,36.0,4,0,0,12.0,13.0,1.0,81.0,19.0,15.0,Wolverhampton Wanderers_Southampton_Home_2022_2023
81,2022_2023,Crystal Palace,2022-08-05,20:00,Premier League,Matchweek 1,Fri,Home,L,0.0,2.0,Arsenal,0.9,1.0,57.0,25286.0,Marc Guéhi,4-2-3-1,Anthony Taylor,10.0,2.0,14.0,0.0,0,0,20.0,12.0,3.0,15.0,190.0,41.0,17.0,14.0,0.0,2.0,1.0,0.8,-0.2,508.0,607.0,11093.0,3104.0,15.0,8.0,1.0,4.0,2.0,0.0,0.0,0.0,0.0,0.0,0.0,0.0,0.0,0.0,726.0,265.0,160.0,31.0,508.0,2067.0,1113.0,31.0,31.0,1,0,0,19.0,11.0,1.0,96.0,15.0,15.0,Crystal Palace_Arsenal_Home_2022_2023
82,2022_2023,Crystal Palace,2022-08-15,20:00,Premier League,Matchweek 2,Mon,Away,D,1.0,1.0,Liverpool,1.5,1.7,28.0,52970.0,Joel Ward,3-4-3,Paul Tierney,7.0,3.0,15.0,0.0,0,0,23.0,10.0,4.0,9.0,158.0,33.0,21.0,14.0,0.0,4.0,3.0,1.6,0.6,211.0,313.0,4390.0,2145.0,12.0,8.0,2.0,1.0,1.0,0.0,0.0,2.0,1.0,0.0,1.0,0.0,0.0,0.0,455.0,256.0,65.0,12.0,217.0,927.0,577.0,19.0,16.0,4,0,0,9.0,9.0,2.0,88.0,16.0,20.0,Crystal Palace_Liverpool_Away_2022_2023
83,2022_2023,Crystal Palace,2022-08-20,15:00,Premier League,Matchweek 3,Sat,Home,W,3.0,1.0,Aston Villa,3.1,1.2,52.0,22012.0,Joel Ward,4-3-3,Andy Madley,16.0,8.0,15.1,1.0,0,1,19.0,11.0,5.0,8.0,144.0,47.0,11.0,13.0,0.0,5.0,4.0,1.1,0.1,403.0,482.0,7764.0,2748.0,27.0,19.0,2.0,2.0,2.0,1.0,1.0,5.0,4.0,0.0,0.0,1.0,0.0,0.0,601.0,200.0,153.0,31.0,357.0,1571.0,903.0,36.0,23.0,2,0,0,18.0,17.0,1.0,78.0,12.0,16.0,Crystal Palace_Aston Villa_Home_2022_2023
84,2022_2023,Crystal Palace,2022-08-27,15:00,Premier League,Matchweek 4,Sat,Away,L,2.0,4.0,Manchester City,0.1,2.5,25.0,53112.0,Joel Ward,3-4-3,Darren England,2.0,2.0,18.5,0.0,0,0,12.0,7.0,4.0,10.0,130.0,16.0,19.0,12.0,0.0,5.0,1.0,3.1,-0.9,208.0,275.0,4388.0,1384.0,3.0,2.0,1.0,0.0,0.0,0.0,0.0,1.0,0.0,1.0,0.0,0.0,0.0,0.0,378.0,209.0,47.0,3.0,191.0,989.0,581.0,17.0,8.0,2,0,0,12.0,14.0,1.0,43.0,8.0,20.0,Crystal Palace_Manchester City_Away_2022_2023
85,2022_2023,Crystal Palace,2022-08-30,19:30,Premier League,Matchweek 5,Tue,Home,D,1.0,1.0,Brentford,1.0,1.3,50.0,25043.0,Joel Ward,4-1-4-1,Simon Hooper,13.0,4.0,18.3,0.0,0,0,24.0,13.0,14.0,19.0,132.0,50.0,12.0,17.0,0.0,3.0,2.0,0.9,-0.1,412.0,500.0,8915.0,2791.0,24.0,15.0,2.0,3.0,0.0,1.0,3.0,2.0,2.0,0.0,0.0,0.0,0.0,0.0,640.0,239.0,148.0,20.0,404.0,2186.0,1199.0,51.0,34.0,1,0,0,12.0,10.0,1.0,81.0,18.0,16.0,Crystal Palace_Brentford_Home_2022_2023
86,2022_2023,Crystal Palace,2022-09-03,15:00,Premier League,Matchweek 6,Sat,Away,D,0.0,0.0,Newcastle Utd,1.1,2.7,48.0,51863.0,Joel Ward,4-3-3,Michael Salisbury,19.0,9.0,19.1,0.0,0,0,26.0,16.0,4.0,8.0,141.0,43.0,21.0,11.0,0.0,5.0,5.0,1.2,1.2,305.0,394.0,6123.0,2102.0,22.0,13.0,2.0,2.0,4.0,0.0,1.0,0.0,0.0,0.0,0.0,0.0,0.0,0.0,561.0,245.0,114.0,22.0,301.0,1561.0,808.0,36.0,21.0,1,0,0,16.0,20.0,1.0,82.0,14.0,19.0,Crystal Palace_Newcastle Utd_Away_2022_2023
87,2022_2023,Everton,2022-08-06,17:30,Premier League,Matchweek 1,Sat,Home,L,0.0,1.0,Chelsea,0.5,1.6,38.0,39254.0,Jordan Pickford,3-4-3,Craig Pawson,8.0,3.0,12.7,0.0,0,0,26.0,14.0,5.0,19.0,153.0,53.0,14.0,7.0,0.0,5.0,5.0,1.4,0.4,272.0,371.0,5887.0,2187.0,15.0,12.0,1.0,0.0,1.0,1.0,0.0,0.0,0.0,0.0,0.0,0.0,0.0,0.0,490.0,187.0,120.0,19.0,263.0,1268.0,668.0,23.0,21.0,3,0,0,15.0,13.0,0.0,88.0,13.0,22.0,Everton_Chelsea_Home_2022_2023
88,2022_2023,Everton,2022-08-13,12:30,Premier League,Matchweek 2,Sat,Away,L,1.0,2.0,Aston Villa,1.4,1.7,42.0,41883.0,Jordan Pickford,3-4-3,Michael Oliver,15.0,4.0,13.8,0.0,0,0,23.0,15.0,9.0,15.0,129.0,47.0,11.0,12.0,0.0,3.0,1.0,1.5,-0.5,312.0,395.0,6766.0,2182.0,19.0,14.0,2.0,0.0,3.0,0.0,0.0,0.0,0.0,0.0,0.0,0.0,0.0,0.0,531.0,224.0,129.0,28.0,297.0,1388.0,798.0,19.0,27.0,1,0,0,7.0,11.0,3.0,77.0,15.0,21.0,Everton_Aston Villa_Away_2022_2023
89,2022_2023,Everton,2022-08-20,15:00,Premier League,Matchweek 3,Sat,Home,D,1.0,1.0,Nott'ham Forest,1.8,1.0,48.0,39271.0,Jordan Pickford,3-4-3,Andre Marriner,19.0,8.0,20.1,1.0,0,0,14.0,11.0,3.0,13.0,100.0,41.0,14.0,19.0,0.0,5.0,4.0,1.0,0.0,345.0,444.0,6598.0,2199.0,32.0,24.0,0.0,3.0,2.0,1.0,2.0,2.0,2.0,0.0,0.0,0.0,0.0,0.0,582.0,221.0,143.0,25.0,379.0,2072.0,1190.0,37.0,22.0,3,0,0,7.0,11.0,4.0,93.0,15.0,16.0,Everton_Nott'ham Forest_Home_2022_2023
90,2022_2023,Everton,2022-08-27,15:00,Premier League,Matchweek 4,Sat,Away,D,1.0,1.0,Brentford,1.5,2.8,42.0,17009.0,Jordan Pickford,3-4-3,John Brooks,14.0,7.0,16.3,0.0,0,0,16.0,10.0,3.0,8.0,140.0,41.0,17.0,18.0,0.0,4.0,3.0,2.4,1.4,319.0,407.0,6970.0,2415.0,18.0,14.0,1.0,1.0,1.0,0.0,1.0,2.0,2.0,0.0,0.0,0.0,0.0,0.0,549.0,197.0,129.0,20.0,316.0,1473.0,654.0,31.0,22.0,2,0,0,8.0,8.0,2.0,83.0,18.0,22.0,Everton_Brentford_Away_2022_2023
91,2022_2023,Everton,2022-08-30,20:00,Premier League,Matchweek 5,Tue,Away,D,1.0,1.0,Leeds United,0.9,1.5,32.0,36338.0,Jordan Pickford,4-3-3,Darren England,7.0,2.0,18.4,1.0,0,0,28.0,11.0,7.0,22.0,176.0,52.0,19.0,21.0,0.0,5.0,4.0,1.1,0.1,223.0,327.0,4496.0,1685.0,12.0,7.0,1.0,1.0,2.0,1.0,0.0,2.0,2.0,0.0,0.0,0.0,0.0,0.0,481.0,230.0,58.0,12.0,230.0,1137.0,544.0,12.0,19.0,3,0,0,12.0,7.0,2.0,89.0,20.0,32.0,Everton_Leeds United_Away_2022_2023
92,2022_2023,Everton,2022-09-03,12:30,Premier League,Matchweek 6,Sat,Home,D,0.0,0.0,Liverpool,1.1,2.2,40.0,39240.0,Jordan Pickford,4-3-3,Anthony Taylor,14.0,4.0,15.3,0.0,0,0,20.0,11.0,5.0,11.0,115.0,30.0,12.0,19.0,0.0,9.0,7.0,1.9,1.9,242.0,336.0,4875.0,1713.0,21.0,17.0,0.0,3.0,1.0,0.0,0.0,0.0,0.0,0.0,0.0,0.0,0.0,0.0,477.0,200.0,120.0,25.0,239.0,1308.0,851.0,22.0,22.0,2,0,0,7.0,11.0,3.0,70.0,23.0,18.0,Everton_Liverpool_Home_2022_2023
93,2022_2023,Aston Villa,2022-08-06,15:00,Premier League,Matchweek 1,Sat,Away,L,0.0,2.0,Bournemouth,0.6,0.5,66.0,11013.0,John McGinn,4-3-3,Peter Bankes,15.0,2.0,22.4,0.0,0,0,13.0,8.0,4.0,11.0,137.0,56.0,12.0,13.0,0.0,3.0,1.0,1.3,-0.7,516.0,626.0,9482.0,2793.0,18.0,13.0,1.0,2.0,1.0,1.0,0.0,0.0,0.0,0.0,0.0,0.0,0.0,0.0,737.0,160.0,242.0,22.0,550.0,2426.0,1360.0,66.0,39.0,3,0,0,18.0,20.0,4.0,101.0,21.0,22.0,Aston Villa_Bournemouth_Away_2022_2023
94,2022_2023,Aston Villa,2022-08-13,12:30,Premier League,Matchweek 2,Sat,Home,W,2.0,1.0,Everton,1.7,1.4,58.0,41883.0,John McGinn,4-4-2◆,Michael Oliver,12.0,3.0,13.6,0.0,0,0,18.0,12.0,5.0,14.0,102.0,40.0,20.0,13.0,0.0,4.0,4.0,1.0,1.0,459.0,549.0,8507.0,2493.0,19.0,15.0,2.0,1.0,1.0,0.0,0.0,4.0,3.0,0.0,1.0,0.0,0.0,0.0,673.0,158.0,222.0,29.0,443.0,1816.0,977.0,48.0,38.0,4,0,0,12.0,7.0,2.0,76.0,21.0,15.0,Aston Villa_Everton_Home_2022_2023
95,2022_2023,Aston Villa,2022-08-20,15:00,Premier League,Matchweek 3,Sat,Away,L,1.0,3.0,Crystal Palace,1.2,3.1,48.0,22012.0,John McGinn,4-3-3,Andy Madley,13.0,5.0,16.0,0.0,0,0,27.0,17.0,8.0,19.0,169.0,45.0,18.0,5.0,0.0,8.0,5.0,2.7,-0.3,364.0,450.0,7256.0,2334.0,23.0,17.0,2.0,2.0,1.0,1.0,0.0,2.0,2.0,0.0,0.0,0.0,0.0,0.0,577.0,221.0,135.0,20.0,329.0,1586.0,865.0,34.0,26.0,1,0,0,18.0,18.0,1.0,87.0,16.0,12.0,Aston Villa_Crystal Palace_Away_2022_2023
96,2022_2023,Aston Villa,2022-08-28,14:00,Premier League,Matchweek 4,Sun,Home,L,0.0,1.0,West Ham,0.6,0.4,58.0,41796.0,John McGinn,4-4-2◆,David Coote,9.0,3.0,19.4,0.0,0,0,16.0,10.0,5.0,10.0,118.0,49.0,21.0,17.0,0.0,2.0,1.0,0.5,-0.5,528.0,638.0,10063.0,2956.0,14.0,13.0,0.0,0.0,0.0,0.0,1.0,0.0,0.0,0.0,0.0,0.0,0.0,0.0,748.0,265.0,188.0,16.0,515.0,2554.0,1401.0,57.0,37.0,2,0,0,13.0,13.0,2.0,97.0,18.0,12.0,Aston Villa_West Ham_Home_2022_2023
97,2022_2023,Aston Villa,2022-08-31,19:30,Premier League,Matchweek 5,Wed,Away,L,1.0,2.0,Arsenal,0.2,2.7,41.0,60012.0,John McGinn,4-3-3,Robert Jones,4.0,3.0,20.7,0.0,0,0,19.0,14.0,6.0,17.0,114.0,29.0,24.0,7.0,1.0,8.0,6.0,2.8,0.8,283.0,377.0,5183.0,1953.0,4.0,4.0,0.0,0.0,0.0,0.0,0.0,0.0,0.0,0.0,0.0,0.0,0.0,0.0,484.0,182.0,103.0,10.0,292.0,1300.0,705.0,31.0,17.0,3,0,0,19.0,12.0,1.0,62.0,12.0,14.0,Aston Villa_Arsenal_Away_2022_2023
98,2022_2023,Aston Villa,2022-09-03,17:30,Premier League,Matchweek 6,Sat,Home,D,1.0,1.0,Manchester City,0.2,1.4,29.0,41830.0,John McGinn,4-3-2-1,Simon Hooper,3.0,1.0,15.5,0.0,0,0,15.0,10.0,1.0,8.0,156.0,40.0,14.0,15.0,0.0,4.0,3.0,1.7,0.7,216.0,316.0,4480.0,1687.0,5.0,5.0,0.0,0.0,0.0,0.0,0.0,1.0,1.0,0.0,0.0,0.0,0.0,0.0,395.0,196.0,58.0,11.0,206.0,1007.0,442.0,17.0,17.0,2,0,0,10.0,6.0,5.0,73.0,16.0,26.0,Aston Villa_Manchester City_Home_2022_2023
99,2022_2023,West Ham United,2022-08-07,16:30,Premier League,Matchweek 1,Sun,Home,L,0.0,2.0,Manchester City,0.4,2.3,25.0,62443.0,Declan Rice,4-2-3-1,Michael Oliver,6.0,1.0,14.9,0.0,0,0,10.0,6.0,8.0,19.0,142.0,17.0,12.0,26.0,0.0,1.0,0.0,1.1,-0.9,215.0,285.0,4350.0,1615.0,8.0,7.0,0.0,0.0,1.0,0.0,0.0,0.0,0.0,0.0,0.0,0.0,0.0,0.0,363.0,188.0,62.0,11.0,212.0,1175.0,485.0,20.0,15.0,0,0,0,10.0,5.0,4.0,39.0,13.0,16.0,West Ham United_Manchester City_Home_2022_2023
100,2022_2023,West Ham United,2022-08-14,14:00,Premier League,Matchweek 2,Sun,Away,L,0.0,1.0,Nott'ham Forest,2.1,1.4,58.0,29281.0,Declan Rice,4-3-3,Robert Jones,18.0,3.0,17.7,2.0,0,1,11.0,7.0,1.0,6.0,85.0,26.0,14.0,10.0,0.0,6.0,5.0,2.5,1.5,320.0,430.0,6145.0,2534.0,30.0,20.0,3.0,0.0,4.0,3.0,0.0,0.0,0.0,0.0,0.0,0.0,0.0,0.0,540.0,150.0,172.0,32.0,331.0,1698.0,1010.0,48.0,34.0,1,0,0,11.0,11.0,2.0,91.0,15.0,19.0,West Ham United_Nott'ham Forest_Away_2022_2023
101,2022_2023,West Ham United,2022-08-21,14:00,Premier League,Matchweek 3,Sun,Home,L,0.0,2.0,Brighton,0.7,1.6,50.0,62449.0,Declan Rice,4-2-3-1,Anthony Taylor,13.0,3.0,15.2,0.0,0,0,10.0,7.0,2.0,7.0,132.0,41.0,15.0,8.0,0.0,1.0,0.0,1.6,-0.4,401.0,514.0,7700.0,2750.0,21.0,12.0,3.0,1.0,4.0,1.0,0.0,0.0,0.0,0.0,0.0,0.0,0.0,0.0,602.0,230.0,156.0,22.0,409.0,2198.0,1083.0,41.0,24.0,2,0,0,11.0,8.0,3.0,91.0,24.0,10.0,West Ham United_Brighton_Home_2022_2023
102,2022_2023,West Ham United,2022-08-28,14:00,Premier League,Matchweek 4,Sun,Away,W,1.0,0.0,Aston Villa,0.4,0.6,42.0,41796.0,Declan Rice,3-5-2,David Coote,7.0,2.0,23.3,1.0,0,0,13.0,7.0,4.0,9.0,121.0,32.0,10.0,15.0,0.0,3.0,3.0,0.0,0.0,352.0,460.0,7082.0,2526.0,14.0,12.0,0.0,1.0,0.0,1.0,0.0,2.0,2.0,0.0,0.0,0.0,0.0,0.0,572.0,227.0,118.0,14.0,314.0,1612.0,850.0,33.0,23.0,0,0,0,13.0,13.0,1.0,83.0,12.0,18.0,West Ham United_Aston Villa_Away_2022_2023
103,2022_2023,West Ham United,2022-08-31,19:45,Premier League,Matchweek 5,Wed,Home,D,1.0,1.0,Tottenham,1.1,0.7,38.0,62450.0,Declan Rice,4-2-3-1,Peter Bankes,14.0,4.0,15.8,0.0,0,0,11.0,7.0,5.0,10.0,137.0,38.0,16.0,14.0,0.0,4.0,4.0,0.3,0.3,332.0,415.0,6683.0,1901.0,23.0,16.0,2.0,1.0,1.0,2.0,1.0,2.0,1.0,1.0,0.0,0.0,0.0,0.0,509.0,142.0,165.0,22.0,286.0,1581.0,695.0,26.0,27.0,2,0,0,10.0,11.0,1.0,66.0,18.0,14.0,West Ham United_Tottenham_Home_2022_2023
104,2022_2023,West Ham United,2022-09-03,15:00,Premier League,Matchweek 6,Sat,Away,L,1.0,2.0,Chelsea,0.8,0.8,32.0,39923.0,Declan Rice,3-4-1-2,Andy Madley,6.0,3.0,14.9,0.0,0,0,15.0,10.0,3.0,8.0,97.0,31.0,12.0,17.0,0.0,3.0,1.0,0.9,-1.1,234.0,320.0,4847.0,1519.0,7.0,4.0,1.0,0.0,2.0,0.0,0.0,1.0,0.0,0.0,0.0,1.0,0.0,0.0,440.0,210.0,72.0,11.0,218.0,972.0,536.0,11.0,9.0,2,0,0,13.0,8.0,1.0,68.0,13.0,13.0,West Ham United_Chelsea_Away_2022_2023
105,2022_2023,Nottingham Forest,2022-08-06,15:00,Premier League,Matchweek 1,Sat,Away,L,0.0,2.0,Newcastle Utd,0.4,2.0,40.0,52245.0,Joe Worrall,3-4-1-2,Simon Hooper,5.0,0.0,15.3,0.0,0,0,15.0,12.0,6.0,14.0,129.0,31.0,20.0,17.0,0.0,9.0,7.0,1.7,-0.3,246.0,348.0,4901.0,1756.0,9.0,5.0,0.0,2.0,1.0,0.0,1.0,0.0,0.0,0.0,0.0,0.0,0.0,0.0,475.0,250.0,66.0,10.0,272.0,1412.0,713.0,20.0,13.0,3,0,0,16.0,11.0,0.0,77.0,21.0,20.0,Nottingham Forest_Newcastle Utd_Away_2022_2023
106,2022_2023,Nottingham Forest,2022-08-14,14:00,Premier League,Matchweek 2,Sun,Home,W,1.0,0.0,West Ham,1.4,2.1,42.0,29281.0,Joe Worrall,3-4-1-2,Robert Jones,13.0,6.0,13.5,1.0,0,0,13.0,8.0,1.0,7.0,80.0,21.0,21.0,7.0,0.0,3.0,3.0,1.4,1.4,204.0,316.0,4151.0,1773.0,17.0,9.0,2.0,2.0,2.0,2.0,0.0,1.0,0.0,0.0,0.0,1.0,0.0,0.0,431.0,174.0,129.0,24.0,231.0,1088.0,659.0,30.0,18.0,4,0,0,12.0,9.0,3.0,100.0,19.0,15.0,Nottingham Forest_West Ham_Home_2022_2023
107,2022_2023,Nottingham Forest,2022-08-20,15:00,Premier League,Matchweek 3,Sat,Away,D,1.0,1.0,Everton,1.0,1.8,52.0,39271.0,Joe Worrall,3-4-1-2,Andre Marriner,14.0,5.0,18.7,1.0,0,0,23.0,14.0,4.0,12.0,121.0,34.0,11.0,7.0,1.0,8.0,7.0,2.5,1.5,355.0,475.0,7260.0,2187.0,18.0,11.0,2.0,0.0,2.0,1.0,2.0,1.0,0.0,0.0,0.0,1.0,0.0,0.0,597.0,219.0,126.0,18.0,342.0,1649.0,979.0,45.0,21.0,2,0,0,11.0,5.0,1.0,102.0,16.0,15.0,Nottingham Forest_Everton_Away_2022_2023
108,2022_2023,Nottingham Forest,2022-08-28,16:30,Premier League,Matchweek 4,Sun,Home,L,0.0,2.0,Tottenham,1.0,2.7,55.0,29296.0,Joe Worrall,3-4-3,Craig Pawson,18.0,1.0,18.8,1.0,0,0,22.0,11.0,7.0,13.0,115.0,23.0,18.0,10.0,0.0,4.0,2.0,3.3,1.3,487.0,589.0,9904.0,2676.0,24.0,20.0,1.0,1.0,1.0,1.0,0.0,0.0,0.0,0.0,0.0,0.0,0.0,0.0,711.0,156.0,228.0,41.0,503.0,1873.0,1110.0,58.0,43.0,6,0,0,12.0,13.0,1.0,91.0,20.0,23.0,Nottingham Forest_Tottenham_Home_2022_2023
109,2022_2023,Nottingham Forest,2022-08-31,19:30,Premier League,Matchweek 5,Wed,Away,L,0.0,6.0,Manchester City,0.4,3.7,26.0,53409.0,Joe Worrall,3-5-2,Paul Tierney,8.0,1.0,18.9,1.0,0,0,14.0,8.0,7.0,13.0,148.0,25.0,13.0,19.0,0.0,9.0,3.0,4.0,-2.0,214.0,283.0,4685.0,1544.0,14.0,12.0,0.0,0.0,0.0,1.0,1.0,0.0,0.0,0.0,0.0,0.0,0.0,0.0,376.0,200.0,52.0,9.0,220.0,1081.0,550.0,17.0,14.0,1,0,0,8.0,9.0,2.0,47.0,11.0,15.0,Nottingham Forest_Manchester City_Away_2022_2023
110,2022_2023,Nottingham Forest,2022-09-03,15:00,Premier League,Matchweek 6,Sat,Home,L,2.0,3.0,Bournemouth,1.3,0.9,51.0,28720.0,Joe Worrall,3-4-3,Michael Oliver,10.0,2.0,16.9,0.0,1,1,18.0,7.0,4.0,6.0,139.0,40.0,22.0,10.0,1.0,3.0,0.0,1.7,-1.3,412.0,517.0,8813.0,2325.0,17.0,12.0,2.0,0.0,2.0,1.0,0.0,3.0,0.0,1.0,0.0,2.0,0.0,0.0,635.0,197.0,175.0,23.0,393.0,2091.0,1048.0,42.0,26.0,2,0,0,15.0,14.0,1.0,87.0,18.0,14.0,Nottingham Forest_Bournemouth_Home_2022_2023
111,2022_2023,Leicester City,2022-08-07,14:00,Premier League,Matchweek 1,Sun,Home,D,2,2,Brentford,0.6,0.5,56.0,31794.0,Jonny Evans,3-5-1-1,Jarred Gillett,14.0,5.0,22.2,0.0,0,0,12.0,8.0,2.0,4.0,99.0,37.0,10.0,10.0,0.0,3.0,1.0,0.8,-1.2,529.0,603.0,8925.0,2592.0,19.0,15.0,2.0,1.0,0.0,1.0,0.0,2.0,1.0,1.0,0.0,0.0,0.0,0.0,705.0,179.0,169.0,15.0,474.0,1960.0,1118.0,52.0,31.0,0,0,0,6.0,9.0,2.0,70.0,17.0,17.0,Leicester City_Brentford_Home_2022_2023
112,2022_2023,Leicester City,2022-08-13,15:00,Premier League,Matchweek 2,Sat,Away,L,2,4,Arsenal,0.6,2.6,49.0,60033.0,Jonny Evans,3-5-1-1,Darren England,6.0,2.0,15.3,0.0,0,0,13.0,7.0,4.0,14.0,128.0,30.0,17.0,9.0,2.0,7.0,3.0,2.8,-1.2,385.0,480.0,7274.0,2293.0,9.0,7.0,0.0,0.0,1.0,0.0,1.0,2.0,2.0,0.0,0.0,0.0,0.0,0.0,576.0,240.0,98.0,13.0,386.0,1681.0,744.0,27.0,22.0,1,0,0,10.0,16.0,3.0,72.0,13.0,19.0,Leicester City_Arsenal_Away_2022_2023
113,2022_2023,Leicester City,2022-08-20,15:00,Premier League,Matchweek 3,Sat,Home,L,1,2,Southampton,0.3,0.7,62.0,30850.0,Jonny Evans,4-1-4-1,Michael Salisbury,6.0,1.0,17.1,1.0,0,0,15.0,6.0,5.0,13.0,113.0,33.0,12.0,9.0,0.0,3.0,1.0,1.3,-0.7,502.0,607.0,9434.0,2955.0,8.0,6.0,0.0,1.0,0.0,1.0,0.0,2.0,1.0,0.0,0.0,0.0,1.0,0.0,725.0,209.0,172.0,18.0,505.0,2048.0,1134.0,51.0,44.0,2,0,0,12.0,16.0,0.0,91.0,25.0,17.0,Leicester City_Southampton_Home_2022_2023
114,2022_2023,Leicester City,2022-08-27,15:00,Premier League,Matchweek 4,Sat,Away,L,1,2,Chelsea,1.7,1.9,54.0,39953.0,Jonny Evans,4-2-3-1,Paul Tierney,17.0,5.0,17.5,0.0,0,0,19.0,14.0,4.0,9.0,100.0,31.0,14.0,10.0,0.0,3.0,1.0,2.3,0.3,465.0,552.0,9004.0,2912.0,28.0,27.0,0.0,0.0,1.0,0.0,0.0,2.0,2.0,0.0,0.0,0.0,0.0,0.0,684.0,215.0,204.0,30.0,448.0,1718.0,1059.0,50.0,41.0,2,0,0,8.0,10.0,1.0,87.0,23.0,20.0,Leicester City_Chelsea_Away_2022_2023
115,2022_2023,Leicester City,2022-09-01,20:00,Premier League,Matchweek 5,Thu,Home,L,0,1,Manchester Utd,0.6,1.1,53.0,32226.0,Jonny Evans,4-1-4-1,Craig Pawson,10.0,2.0,22.6,2.0,0,0,16.0,7.0,7.0,14.0,129.0,40.0,19.0,20.0,0.0,2.0,1.0,1.0,0.0,518.0,639.0,9561.0,3022.0,17.0,12.0,1.0,0.0,1.0,3.0,0.0,0.0,0.0,0.0,0.0,0.0,0.0,0.0,744.0,299.0,130.0,12.0,528.0,2843.0,1388.0,40.0,36.0,1,0,0,7.0,15.0,0.0,101.0,21.0,21.0,Leicester City_Manchester Utd_Home_2022_2023
